{"stats":{"minecraft:custom":{"minecraft:interact_with_crafting_table":189,"minecraft:open_barrel":28,"minecraft:leave_game":22,"minecraft:time_since_death":525964,"minecraft:sprint_one_cm":4883758,"minecraft:drop":132,"minecraft:talked_to_villager":12,"minecraft:play_time":2003947,"minecraft:deaths":17,"minecraft:jump":18951,"minecraft:walk_on_water_one_cm":276225,"minecraft:interact_with_furnace":114,"minecraft:sleep_in_bed":118,"minecraft:damage_dealt":40719,"minecraft:crouch_one_cm":42224,"minecraft:interact_with_smoker":7,"minecraft:horse_one_cm":94599,"minecraft:interact_with_smithing_table":3,"minecraft:mob_kills":221,"minecraft:climb_one_cm":8940,"minecraft:walk_one_cm":5613329,"minecraft:sneak_time":20496,"minecraft:walk_under_water_one_cm":99801,"minecraft:interact_with_lectern":2,"minecraft:interact_with_blast_furnace":1,"minecraft:total_world_time":2003947,"minecraft:interact_with_stonecutter":7,"minecraft:interact_with_grindstone":1,"minecraft:time_since_rest":36865,"minecraft:damage_taken":16146,"minecraft:damage_absorbed":40,"minecraft:swim_one_cm":147604,"minecraft:fly_one_cm":3449070,"minecraft:open_chest":452,"minecraft:fall_one_cm":369818},"minecraft:killed":{"resource_ghouls:iron_stonebore":1,"minecraft:spider":20,"creeperoverhaul:dripstone_creeper":1,"minecraft:skeleton":47,"resource_ghouls:prospector_2":2,"valarian_conquest:valarian_archer":3,"aquatic_frontiers:sandy_coral":2,"aquatic_frontiers:soul_sandy":1,"valarian_conquest:valarian_nobleman":1,"valarian_conquest:valarian_scout":1,"valarian_conquest:valarian_cannon":3,"minecraft:pig":1,"minecraft:zombie_villager":2,"minecraft:creeper":9,"valarian_conquest:valarian_raider":2,"minecraft:trader_llama":1,"minecraft:pillager":5,"minecraft:zombie":50,"resource_ghouls:prospector_4":21,"resource_ghouls:redstone_stonebore":1,"resource_ghouls:quartz_stonebore":1,"resource_ghouls:prospector":2,"resource_ghouls:gold_stonebore":2,"valarian_conquest:valarian_knight":1,"valarian_conquest:valarian_ranger":2,"the_pillager_legion_:veteran_infantryman_tpl":24,"endermanoverhaul:cave_enderman":1,"resource_ghouls:diamond_stonebore":1},"minecraft:crafted":{"minecraft:brick":20,"minecraft:oak_planks":2060,"minecraft:smooth_stone":6,"minecraft:cobblestone_slab":54,"minecraft:chain":25,"minecraft:stone":9,"mcwbridges:oak_log_bridge_stair":6,"minecraft:iron_bars":16,"mcwbridges:pliers":1,"minecraft:deepslate_brick_stairs":8,"minecraft:glass":282,"minecraft:chest":201,"luphieclutteredmod:small_shelf":1,"minecraft:bricks":1,"chipped:mason_table":1,"minecraft:flower_pot":3,"minecraft:blue_stained_glass":200,"minecraft:crafting_table":9,"minecraft:spruce_planks":32,"minecraft:baked_potato":197,"minecraft:spruce_door":3,"handcrafted:spruce_corner_trim":8,"minecraft:oak_wood":3,"minecraft:birch_planks":28,"chipped:carpenters_table":1,"mcwbridges:oak_log_bridge_middle":40,"chipped:botanist_workbench":1,"minecraft:stick":240,"minecraft:iron_ingot":30,"minecraft:iron_pickaxe":3,"mcwdoors:iron_portcullis":15,"minecraft:shears":1,"minecraft:deepslate_tile_slab":14,"minecraft:oak_door":3,"minecraft:raw_iron":9,"minecraft:coal":63,"minecraft:stone_shovel":36,"minecraft:iron_nugget":144,"minecraft:furnace":6,"minecraft:blast_furnace":2,"minecraft:spruce_fence":6,"minecraft:oak_trapdoor":6,"minecraft:lantern":10,"minecraft:spruce_stairs":24,"minecraft:deepslate_brick_wall":3,"refurbished_furniture:workbench":1,"minecraft:iron_axe":2,"minecraft:stone_pickaxe":113,"minecraft:redstone_block":1,"minecraft:wheat":303,"minecraft:coal_block":7,"minecraft:iron_sword":2,"minecraft:bucket":4,"minecraft:stone_axe":11,"minecraft:air":0,"minecraft:bread":300,"minecraft:blue_dye":25,"handcrafted:spruce_table":2,"minecraft:oak_stairs":136,"minecraft:wooden_axe":1,"minecraft:stonecutter":1,"mcwdoors:wooden_portcullis":9,"minecraft:torch":176,"chipped:glassblower":1,"mcwfurnitures:oak_chair":2},"minecraft:used":{"mcwfurnitures:oak_chair":7,"chipped:golden_cherry_oak_leaves":43,"minecraft:iron_shovel":34,"minecraft:poppy":4,"minecraft:chest":216,"minecraft:iron_sword":326,"minecraft:blue_stained_glass":127,"mcwdoors:iron_portcullis":47,"chipped:crated_oak_planks":128,"minecraft:carrot":64,"minecraft:deepslate_tile_slab":22,"minecraft:tuff":20,"mcwdoors:wooden_portcullis":14,"minecraft:beehive":1,"minecraft:glass":10,"the_pillager_legion_:legion_showel_tpl":2,"minecraft:lava_bucket":4,"minecraft:lantern":47,"minecraft:stone_bricks":2,"minecraft:item_frame":1,"chipped:oak_bordered_glass":15,"minecraft:oak_sapling":86,"chipped:cobbled_cobblestone":1,"minecraft:bow":18,"minecraft:sweet_berries":6,"minecraft:furnace":10,"luphieclutteredmod:small_shelf":1,"minecraft:egg":3,"the_pillager_legion_:legion_armor_boots":2,"minecraft:potato":6,"minecraft:golden_boots":1,"minecraft:deepslate_brick_wall":4,"minecraft:diorite":3,"minecraft:spruce_door":3,"minecraft:stone_pickaxe":14172,"minecraft:oak_planks":1184,"handcrafted:spruce_corner_trim":18,"chipped:shifted_oak_planks":2,"minecraft:cookie":7,"minecraft:oak_leaves":43,"minecraft:golden_apple":1,"chipped:bundled_oak_log":1,"minecraft:brain_coral":1,"minecraft:sand":4,"chipped:smoothed_double_inlayed_cobblestone":60,"minecraft:shears":73,"minecraft:deepslate_brick_stairs":8,"chipped:cut_cobblestone_column":596,"minecraft:melon_slice":3,"minecraft:bread":290,"chipped:cracked_cobblestone_bricks":145,"minecraft:oak_pressure_plate":2,"the_pillager_legion_:legion_cut_deep_3":4,"minecraft:gravel":26,"minecraft:golden_helmet":1,"wardrobe:large_backpack":1,"friendsandfoes:waxed_oxidized_copper_button":1,"minecraft:andesite":1,"chococraft:gysahl_green":4,"minecraft:chain":29,"chipped:carpenters_table":1,"minecraft:oak_fence":19,"minecraft:oak_trapdoor":9,"minecraft:armor_stand":5,"minecraft:stone_shovel":4933,"minecraft:spruce_planks":141,"minecraft:stone_hoe":12,"valarian_conquest:valarian_battle_axe":41,"minecraft:oak_door":1,"minecraft:orange_bed":3,"minecraft:torch":113,"minecraft:dirt":2004,"minecraft:spyglass":9,"minecraft:target":1,"minecraft:spruce_stairs":30,"minecraft:oak_wood":6,"minecraft:salmon_bucket":1,"minecraft:granite":9,"minecraft:spruce_fence":5,"chipped:cherry_oak_leaves":9,"handcrafted:spruce_table":2,"chipped:tiny_cobblestone_bricks":697,"chipped:glassblower":1,"mcwbridges:oak_log_bridge_middle":77,"minecraft:iron_axe":502,"minecraft:oak_stairs":159,"chipped:herringbone_oak_planks":45,"chipped:smooth_inlayed_cobblestone":18,"chipped:planked_oak_log":236,"minecraft:barrel":4,"the_pillager_legion_:legion_armor_helmet":1,"minecraft:golden_carrot":2,"the_pillager_legion_:legion_deep":1,"chipped:fancy_blue_stained_glass":14,"minecraft:cobbled_deepslate":25,"minecraft:pumpkin":5,"minecraft:light_gray_bed":3,"chipped:circle_oak_glass":5,"minecraft:pointed_dripstone":28,"minecraft:wheat_seeds":2,"minecraft:cooked_mutton":1,"minecraft:water_bucket":106,"minecraft:cobblestone_stairs":3,"comforts:sleeping_bag_black":9,"minecraft:baked_potato":53,"minecraft:stonecutter":2,"minecraft:deepslate_bricks":103,"minecraft:crafting_table":11,"minecraft:oak_slab":15,"chipped:mason_table":1,"minecraft:white_bed":1,"minecraft:painting":9,"minecraft:smoker":3,"minecraft:oak_log":115,"chipped:botanist_workbench":1,"minecraft:black_wool":2,"minecraft:cornflower":10,"minecraft:apple":12,"chipped:small_blue_stained_glass":2,"minecraft:iron_pickaxe":757,"chipped:tiny_layered_cobblestone_slabs":64,"minecraft:golden_leggings":1,"mcwbridges:oak_log_bridge_stair":9,"minecraft:stone_axe":287,"refurbished_furniture:workbench":1,"minecraft:cobblestone":434,"minecraft:white_banner":1,"minecraft:bucket":112,"chipped:polished_cobblestone":100,"minecraft:dandelion":1,"minecraft:jukebox":6},"minecraft:dropped":{"wardrobe:large_backpack":1,"minecraft:iron_sword":1,"minecraft:baked_potato":1,"minecraft:cooked_porkchop":1,"minecraft:dirt":16,"the_pillager_legion_:legion_showel_tpl":1,"gravestone:obituary":7,"minecraft:iron_pickaxe":1,"minecraft:gravel":32,"minecraft:stone_axe":2,"minecraft:rotten_flesh":3,"minecraft:quartz":2,"comforts:sleeping_bag_black":1,"minecraft:bread":83,"minecraft:wheat_seeds":14,"minecraft:cobblestone":87,"minecraft:apple":1,"minecraft:coal":2,"minecraft:diorite":4,"minecraft:torch":1,"skilltree:gem":1,"minecraft:string":30,"minecraft:redstone":2,"valarian_conquest:valarian_spear":1,"minecraft:stone_pickaxe":11,"minecraft:bow":1},"minecraft:mined":{"minecraft:spruce_planks":157,"minecraft:white_bed":1,"minecraft:farmland":10,"minecraft:cobblestone_stairs":3,"mcwbridges:oak_log_bridge_stair":3,"minecraft:spruce_trapdoor":2,"minecraft:granite":31,"minecraft:stone_brick_wall":3,"minecraft:grass_block":1358,"minecraft:light_gray_bed":2,"chipped:shifted_oak_planks":2,"minecraft:oak_pressure_plate":1,"minecraft:coal_block":10,"minecraft:deepslate_bricks":54,"minecraft:oxeye_daisy":1,"minecraft:spawner":3,"chipped:cobbled_cobblestone":1,"minecraft:iron_ore":50,"minecraft:barrel":4,"minecraft:cobbled_deepslate":1,"minecraft:target":1,"minecraft:pumpkin":5,"chipped:cut_cobblestone_column":217,"minecraft:deepslate_lapis_ore":9,"minecraft:azure_bluet":2,"chococraft:gysahl_green":22,"minecraft:pointed_dripstone":35,"minecraft:dirt_path":14,"minecraft:oak_stairs":64,"minecraft:black_candle":1,"minecraft:deepslate_brick_stairs":7,"wardrobe:large_backpack_block":1,"minecraft:iron_block":1,"minecraft:orange_bed":2,"minecraft:deepslate_brick_wall":1,"minecraft:smoker":3,"minecraft:deepslate_tile_slab":16,"minecraft:blue_stained_glass":14,"minecraft:powder_snow":47,"handcrafted:spruce_corner_trim":10,"minecraft:clay":37,"minecraft:torch":15,"the_pillager_legion_:legion_deep":14,"chipped:cracked_cobblestone_bricks":44,"diagonalfences:minecraft/oak_fence":67,"minecraft:poppy":5,"minecraft:chest":15,"chipped:fancy_blue_stained_glass":14,"chipped:circle_oak_glass":5,"chipped:tiny_cobblestone_bricks":170,"resource_ghouls:quartz_ore":1,"minecraft:glass":8,"minecraft:cobblestone":185,"chipped:bundled_oak_log":1,"minecraft:oak_planks":281,"minecraft:wall_torch":50,"minecraft:pink_petals":1,"minecraft:chain":9,"realmrpg_skeletons:bow_skeleton":1,"chipped:smooth_inlayed_cobblestone":18,"resource_ghouls:deepslate_quartz_ore":1,"minecraft:birch_log":6,"minecraft:wheat":14,"minecraft:jukebox":6,"realmrpg_skeletons:acrobat_skeleton":2,"chipped:smoothed_double_inlayed_cobblestone":42,"minecraft:stone_brick_stairs":1,"the_pillager_legion_:legion_cut_deep_2":2,"minecraft:grass":253,"minecraft:oak_log":741,"minecraft:sand":291,"minecraft:dirt":2309,"chipped:cherry_oak_leaves":5,"minecraft:stonecutter":2,"chipped:golden_cherry_oak_leaves":37,"minecraft:oak_leaves":136,"minecraft:deepslate":53,"minecraft:tuff":32,"friendsandfoes:waxed_oxidized_copper_button":1,"minecraft:mossy_cobblestone":1,"minecraft:deepslate_diamond_ore":3,"chipped:crated_oak_planks":40,"chipped:polished_cobblestone":20,"gravestone:gravestone":16,"minecraft:spruce_fence":1,"minecraft:decorated_pot":1,"the_pillager_legion_:legion_cut_deep_3":4,"minecraft:white_stained_glass":2,"minecraft:spruce_leaves":2,"minecraft:hay_block":36,"minecraft:oak_trapdoor":3,"minecraft:furnace":5,"minecraft:andesite":26,"minecraft:stripped_spruce_log":1,"minecraft:bookshelf":5,"minecraft:potatoes":1,"minecraft:deepslate_iron_ore":67,"minecraft:lantern":19,"minecraft:stripped_oak_log":1,"minecraft:stone":13261,"chipped:small_blue_stained_glass":2,"minecraft:smithing_table":2,"minecraft:oak_slab":73,"minecraft:scaffolding":1,"mcwdoors:wooden_portcullis":14,"the_pillager_legion_:legion_stone":1,"minecraft:dandelion":11,"minecraft:spruce_door":1,"minecraft:crafting_table":8,"minecraft:cornflower":12,"minecraft:emerald_ore":5,"minecraft:oak_wood":4,"minecraft:lectern":1,"minecraft:campfire":1,"minecraft:copper_ore":78,"minecraft:tall_grass":28,"chipped:tiny_layered_cobblestone_slabs":8,"minecraft:deepslate_gold_ore":8,"mcwbridges:oak_log_bridge_middle":55,"minecraft:diorite":1,"minecraft:spruce_stairs":6,"chipped:herringbone_oak_planks":1,"minecraft:sea_pickle":1,"minecraft:beehive":1,"chipped:planked_oak_log":73,"minecraft:sweet_berry_bush":1,"minecraft:spruce_log":7,"minecraft:black_wool":1,"minecraft:coal_ore":293,"chipped:oak_bordered_glass":12,"minecraft:flower_pot":1,"mcwfurnitures:oak_chair":5,"minecraft:gravel":434,"minecraft:dripstone_block":11,"minecraft:cobweb":2,"minecraft:polished_andesite":1,"minecraft:stone_bricks":2,"mcwdoors:iron_portcullis":38},"minecraft:broken":{"minecraft:golden_helmet":1,"minecraft:iron_shovel":1,"minecraft:golden_boots":1,"minecraft:golden_leggings":1,"minecraft:stone_pickaxe":107,"minecraft:stone_axe":2,"minecraft:iron_sword":1,"minecraft:stone_shovel":35,"minecraft:golden_chestplate":1,"minecraft:iron_axe":2,"minecraft:iron_pickaxe":4},"minecraft:picked_up":{"minecraft:wheat":592,"minecraft:flower_pot":1,"minecraft:smithing_table":2,"minecraft:lead":1,"minecraft:oak_stairs":62,"minecraft:string":18,"minecraft:raw_copper":245,"minecraft:armor_stand":6,"minecraft:experience_bottle":2,"minecraft:sea_pickle":4,"comforts:sleeping_bag_black":11,"minecraft:cobbled_deepslate":56,"mcwbridges:oak_log_bridge_middle":56,"chipped:planked_oak_log":76,"minecraft:spruce_planks":145,"minecraft:written_book":1,"mcwbridges:oak_log_bridge_stair":3,"minecraft:iron_pickaxe":2,"minecraft:coal_block":10,"the_pillager_legion_:legion_armor_helmet":2,"minecraft:furnace":6,"minecraft:golden_helmet":2,"minecraft:beehive":1,"minecraft:stick":224,"minecraft:jukebox":6,"minecraft:deepslate_brick_wall":1,"minecraft:oak_fence":68,"minecraft:torch":76,"minecraft:spruce_stairs":6,"minecraft:target":1,"minecraft:diorite":8,"minecraft:pointed_dripstone":58,"minecraft:orange_bed":3,"minecraft:rotten_flesh":63,"minecraft:light_gray_bed":3,"chipped:circle_oak_glass":5,"minecraft:iron_block":1,"chipped:crated_oak_planks":40,"minecraft:deepslate_brick_stairs":7,"chipped:tiny_cobblestone_bricks":160,"friendsandfoes:waxed_oxidized_copper_button":1,"chipped:cracked_cobblestone_bricks":44,"minecraft:cobblestone":10216,"minecraft:birch_log":64,"chipped:smoothed_double_inlayed_cobblestone":40,"minecraft:pink_petals":3,"minecraft:water_bucket":2,"minecraft:andesite":19,"minecraft:golden_leggings":2,"minecraft:smoker":3,"minecraft:potato":48,"chipped:small_blue_stained_glass":2,"chipped:cobbled_cobblestone":1,"minecraft:flint":28,"minecraft:tuff":31,"mcwdoors:iron_portcullis":38,"skilltree:gem":73,"minecraft:lapis_lazuli":89,"minecraft:dirt":3170,"minecraft:lantern":43,"minecraft:bone":65,"minecraft:stonecutter":2,"minecraft:bow":3,"minecraft:wheat_seeds":1103,"minecraft:raw_gold":14,"minecraft:glowstone_dust":2,"chipped:herringbone_oak_planks":1,"minecraft:oak_planks":667,"minecraft:brain_coral":1,"minecraft:cooked_porkchop":1,"minecraft:oak_pressure_plate":3,"minecraft:poisonous_potato":2,"minecraft:sand":291,"minecraft:stripped_spruce_log":1,"minecraft:ink_sac":4,"minecraft:barrel":4,"minecraft:mossy_cobblestone":1,"minecraft:diamond":6,"minecraft:granite":27,"minecraft:emerald":19,"minecraft:golden_apple":1,"minecraft:spruce_sign":2,"minecraft:bread":23,"minecraft:oak_sapling":339,"minecraft:netherrack":2,"minecraft:oak_leaves":66,"minecraft:diamond_pickaxe":1,"chipped:shifted_oak_planks":2,"minecraft:charcoal":2,"minecraft:crafting_table":7,"minecraft:azure_bluet":11,"minecraft:ladder":2,"minecraft:clay_ball":148,"valarian_conquest:valarian_battle_axe":5,"minecraft:chain":7,"gravestone:obituary":5,"chipped:cherry_oak_leaves":5,"minecraft:brick":6,"minecraft:cornflower":13,"minecraft:oak_trapdoor":3,"mcwfurnitures:oak_chair":5,"minecraft:item_frame":2,"minecraft:iron_shovel":1,"chipped:tiny_layered_cobblestone_slabs":8,"minecraft:poppy":7,"minecraft:lectern":1,"minecraft:chest":15,"minecraft:birch_sapling":3,"the_pillager_legion_:legion_showel_tpl":1,"minecraft:spruce_trapdoor":1,"minecraft:egg":13,"wardrobe:large_backpack":2,"minecraft:raw_iron":122,"minecraft:stone":1,"minecraft:oak_door":1,"handcrafted:spruce_corner_trim":10,"minecraft:cookie":7,"minecraft:carrot":109,"minecraft:redstone":12,"minecraft:stone_pressure_plate":1,"mcwdoors:wooden_portcullis":14,"minecraft:arrow":57,"minecraft:stone_shovel":8,"minecraft:decorated_pot":1,"minecraft:deepslate_bricks":52,"minecraft:hay_block":35,"minecraft:mutton":1,"minecraft:oxeye_daisy":2,"minecraft:stripped_oak_log":1,"chipped:bundled_oak_log":1,"chipped:cut_cobblestone_column":222,"minecraft:leather":2,"minecraft:oak_log":912,"minecraft:gunpowder":7,"minecraft:cobblestone_stairs":3,"chipped:oak_bordered_glass":12,"minecraft:deepslate_tile_slab":16,"minecraft:white_banner":3,"chipped:smooth_inlayed_cobblestone":16,"minecraft:cooked_mutton":2,"chococraft:chocobo_feather":1,"chococraft:gysahl_green":36,"minecraft:apple":73,"minecraft:stone_bricks":2,"chococraft:gold_gysahl":1,"minecraft:iron_ingot":5,"minecraft:stone_pickaxe":11,"the_pillager_legion_:legion_cut_deep_3":4,"the_pillager_legion_:legion_deep":9,"chipped:fancy_blue_stained_glass":14,"minecraft:iron_sword":2,"minecraft:soul_sand":3,"minecraft:book":15,"chipped:polished_cobblestone":20,"minecraft:scaffolding":1,"minecraft:oak_slab":73,"minecraft:black_candle":3,"minecraft:pumpkin":5,"minecraft:sweet_berries":5,"minecraft:quartz":7,"minecraft:dandelion":28,"minecraft:dripstone_block":17,"minecraft:gravel":327,"minecraft:spruce_sapling":3,"chococraft:gysahl_green_seeds":14,"minecraft:white_bed":1,"minecraft:spruce_log":7,"minecraft:spruce_door":3,"minecraft:spider_eye":5,"minecraft:oak_wood":4,"minecraft:stone_axe":1,"chipped:golden_cherry_oak_leaves":37,"minecraft:painting":5,"minecraft:baked_potato":2,"minecraft:black_wool":1,"minecraft:coal":406,"minecraft:ender_pearl":1},"minecraft:killed_by":{"minecraft:player":1,"valarian_conquest:valarian_archer":1,"cave_dweller:cave_dweller":1}},"DataVersion":3465}