{"stats":{"minecraft:broken":{"minecraft:golden_boots":1,"minecraft:stone_pickaxe":52,"minecraft:iron_pickaxe":2,"minecraft:stone_shovel":19,"minecraft:golden_chestplate":1},"minecraft:dropped":{"minecraft:bread":22,"minecraft:iron_sword":1,"minecraft:cobblestone":7,"minecraft:apple":1,"minecraft:dirt":15,"gravestone:obituary":1,"valarian_conquest:valarian_spear":1,"minecraft:rotten_flesh":3,"minecraft:stone_pickaxe":2,"minecraft:bow":1},"minecraft:mined":{"minecraft:spruce_planks":4,"minecraft:white_bed":1,"friendsandfoes:waxed_oxidized_copper_button":1,"chipped:crated_oak_planks":40,"minecraft:spruce_trapdoor":1,"gravestone:gravestone":9,"minecraft:stone_brick_wall":1,"minecraft:grass_block":995,"minecraft:spruce_fence":1,"minecraft:decorated_pot":1,"minecraft:white_stained_glass":2,"minecraft:light_gray_bed":2,"chipped:shifted_oak_planks":2,"minecraft:spruce_leaves":2,"minecraft:hay_block":30,"minecraft:iron_ore":4,"minecraft:andesite":23,"minecraft:stripped_spruce_log":1,"chipped:cut_cobblestone_column":152,"minecraft:azure_bluet":1,"chococraft:gysahl_green":15,"minecraft:bookshelf":3,"minecraft:pointed_dripstone":35,"minecraft:dirt_path":1,"minecraft:stone":6813,"minecraft:orange_bed":2,"minecraft:scaffolding":1,"minecraft:dandelion":5,"minecraft:powder_snow":47,"minecraft:clay":8,"minecraft:crafting_table":5,"minecraft:cornflower":1,"minecraft:torch":2,"minecraft:emerald_ore":4,"chipped:cracked_cobblestone_bricks":11,"minecraft:oak_wood":4,"minecraft:poppy":1,"minecraft:campfire":1,"minecraft:lectern":1,"chipped:tiny_cobblestone_bricks":112,"minecraft:copper_ore":27,"minecraft:tall_grass":6,"minecraft:cobblestone":19,"chipped:bundled_oak_log":1,"minecraft:oak_planks":115,"minecraft:wall_torch":13,"minecraft:pink_petals":1,"realmrpg_skeletons:bow_skeleton":1,"chipped:smooth_inlayed_cobblestone":18,"chipped:planked_oak_log":70,"minecraft:sea_pickle":1,"minecraft:beehive":1,"minecraft:birch_log":6,"minecraft:wheat":14,"minecraft:sweet_berry_bush":1,"minecraft:spruce_log":7,"realmrpg_skeletons:acrobat_skeleton":2,"chipped:smoothed_double_inlayed_cobblestone":42,"minecraft:grass":45,"minecraft:oak_log":214,"minecraft:coal_ore":122,"minecraft:flower_pot":1,"minecraft:gravel":191,"minecraft:dripstone_block":8,"minecraft:dirt":1698,"minecraft:oak_leaves":13},"minecraft:crafted":{"minecraft:brick":7,"minecraft:oak_door":3,"minecraft:oak_planks":194,"minecraft:cobblestone_slab":12,"minecraft:stone_shovel":20,"minecraft:furnace":1,"minecraft:iron_axe":1,"minecraft:stone_pickaxe":58,"minecraft:chest":1,"chipped:mason_table":1,"minecraft:wheat":249,"minecraft:crafting_table":4,"minecraft:spruce_planks":32,"minecraft:iron_sword":2,"minecraft:oak_wood":3,"chipped:carpenters_table":1,"minecraft:bread":147,"minecraft:stick":120,"minecraft:iron_ingot":7,"minecraft:iron_pickaxe":2,"minecraft:oak_stairs":4,"minecraft:wooden_axe":1,"minecraft:torch":8},"minecraft:used":{"minecraft:stone_shovel":2506,"minecraft:chest":1,"minecraft:spruce_planks":29,"minecraft:iron_sword":252,"minecraft:orange_bed":2,"minecraft:oak_door":1,"minecraft:torch":27,"minecraft:dirt":1310,"chipped:crated_oak_planks":128,"minecraft:oak_wood":6,"minecraft:beehive":1,"chipped:tiny_cobblestone_bricks":343,"minecraft:lantern":2,"minecraft:iron_axe":229,"minecraft:oak_stairs":4,"chipped:smooth_inlayed_cobblestone":18,"chipped:planked_oak_log":214,"minecraft:golden_carrot":2,"minecraft:bow":18,"minecraft:sweet_berries":6,"minecraft:furnace":1,"minecraft:egg":1,"minecraft:potato":3,"minecraft:light_gray_bed":2,"minecraft:pointed_dripstone":28,"minecraft:golden_boots":1,"minecraft:wheat_seeds":1,"minecraft:stone_pickaxe":6896,"minecraft:oak_planks":158,"chipped:shifted_oak_planks":2,"minecraft:cookie":7,"minecraft:golden_apple":1,"chipped:bundled_oak_log":1,"minecraft:brain_coral":1,"minecraft:crafting_table":6,"chipped:mason_table":1,"chipped:smoothed_double_inlayed_cobblestone":60,"minecraft:white_bed":1,"minecraft:painting":3,"minecraft:oak_log":19,"chipped:cut_cobblestone_column":531,"minecraft:apple":12,"minecraft:melon_slice":3,"minecraft:bread":171,"minecraft:iron_pickaxe":500,"chipped:cracked_cobblestone_bricks":35,"minecraft:gravel":1,"friendsandfoes:waxed_oxidized_copper_button":1,"minecraft:cobblestone":90,"chococraft:gysahl_green":2,"chipped:carpenters_table":1},"minecraft:killed_by":{"valarian_conquest:valarian_archer":1},"minecraft:killed":{"minecraft:spider":6,"valarian_conquest:valarian_knight":1,"valarian_conquest:valarian_ranger":1,"minecraft:skeleton":20,"resource_ghouls:prospector_2":1,"valarian_conquest:valarian_archer":3,"aquatic_frontiers:sandy_coral":2,"aquatic_frontiers:soul_sandy":1,"valarian_conquest:valarian_nobleman":1,"valarian_conquest:valarian_scout":1,"valarian_conquest:valarian_cannon":3,"minecraft:pig":1,"minecraft:zombie_villager":1,"minecraft:creeper":3,"valarian_conquest:valarian_raider":1,"minecraft:pillager":4,"minecraft:zombie":16,"endermanoverhaul:cave_enderman":1,"resource_ghouls:prospector_4":1,"resource_ghouls:prospector":1},"minecraft:picked_up":{"minecraft:charcoal":2,"chipped:shifted_oak_planks":2,"minecraft:crafting_table":4,"minecraft:azure_bluet":11,"minecraft:wheat":181,"minecraft:flower_pot":1,"minecraft:ladder":2,"minecraft:clay_ball":32,"valarian_conquest:valarian_battle_axe":1,"gravestone:obituary":2,"minecraft:cornflower":1,"minecraft:string":6,"minecraft:raw_copper":86,"minecraft:sea_pickle":4,"minecraft:spruce_planks":4,"chipped:planked_oak_log":73,"minecraft:written_book":1,"minecraft:poppy":2,"minecraft:lectern":1,"minecraft:birch_sapling":3,"minecraft:egg":10,"minecraft:beehive":1,"minecraft:stick":64,"minecraft:raw_iron":7,"minecraft:stone":1,"minecraft:torch":17,"minecraft:cookie":7,"minecraft:pointed_dripstone":54,"minecraft:stone_pressure_plate":1,"minecraft:orange_bed":2,"minecraft:arrow":34,"minecraft:light_gray_bed":2,"minecraft:rotten_flesh":14,"minecraft:decorated_pot":1,"minecraft:hay_block":29,"chipped:crated_oak_planks":40,"chipped:tiny_cobblestone_bricks":103,"friendsandfoes:waxed_oxidized_copper_button":1,"minecraft:mutton":1,"chipped:cracked_cobblestone_bricks":11,"minecraft:cobblestone":4712,"minecraft:oxeye_daisy":1,"chipped:smoothed_double_inlayed_cobblestone":40,"minecraft:birch_log":6,"chipped:bundled_oak_log":1,"minecraft:pink_petals":3,"chipped:cut_cobblestone_column":157,"minecraft:andesite":17,"minecraft:flint":8,"minecraft:tuff":3,"minecraft:oak_log":212,"skilltree:gem":13,"minecraft:dirt":2301,"minecraft:lantern":5,"minecraft:white_banner":1,"chipped:smooth_inlayed_cobblestone":16,"minecraft:cooked_mutton":1,"chococraft:chocobo_feather":1,"minecraft:bone":36,"chococraft:gysahl_green":19,"minecraft:apple":14,"minecraft:bow":2,"minecraft:wheat_seeds":319,"minecraft:iron_ingot":2,"minecraft:stone_pickaxe":2,"minecraft:oak_planks":116,"minecraft:soul_sand":3,"minecraft:brain_coral":1,"minecraft:book":9,"minecraft:scaffolding":1,"minecraft:sweet_berries":5,"minecraft:dandelion":20,"minecraft:dripstone_block":8,"minecraft:gravel":108,"minecraft:spruce_sapling":3,"minecraft:stripped_spruce_log":1,"chococraft:gysahl_green_seeds":7,"minecraft:ink_sac":3,"minecraft:white_bed":1,"minecraft:spruce_log":7,"minecraft:spider_eye":1,"minecraft:oak_wood":4,"minecraft:golden_apple":1,"minecraft:spruce_sign":1,"minecraft:emerald":6,"minecraft:bread":16,"minecraft:oak_sapling":97,"minecraft:netherrack":2,"minecraft:coal":128,"minecraft:ender_pearl":1},"minecraft:custom":{"minecraft:interact_with_smithing_table":2,"minecraft:mob_kills":77,"minecraft:interact_with_crafting_table":69,"minecraft:open_barrel":24,"minecraft:leave_game":9,"minecraft:time_since_death":250828,"minecraft:climb_one_cm":3966,"minecraft:sprint_one_cm":2517297,"minecraft:walk_one_cm":1748340,"minecraft:drop":54,"minecraft:talked_to_villager":2,"minecraft:play_time":773712,"minecraft:sneak_time":9730,"minecraft:deaths":10,"minecraft:walk_under_water_one_cm":11892,"minecraft:interact_with_lectern":2,"minecraft:jump":8958,"minecraft:walk_on_water_one_cm":51429,"minecraft:total_world_time":773712,"minecraft:interact_with_furnace":18,"minecraft:interact_with_grindstone":1,"minecraft:sleep_in_bed":56,"minecraft:time_since_rest":3819,"minecraft:damage_taken":8681,"minecraft:damage_absorbed":40,"minecraft:damage_dealt":14062,"minecraft:swim_one_cm":83369,"minecraft:fly_one_cm":1692903,"minecraft:open_chest":90,"minecraft:crouch_one_cm":17283,"minecraft:interact_with_smoker":6,"minecraft:fall_one_cm":208857,"minecraft:horse_one_cm":94599}},"DataVersion":3465}