{"stats":{"minecraft:picked_up":{"minecraft:wheat":591,"minecraft:flower_pot":1,"minecraft:smithing_table":2,"minecraft:lead":1,"minecraft:oak_stairs":37,"minecraft:string":18,"minecraft:raw_copper":197,"minecraft:armor_stand":6,"minecraft:experience_bottle":2,"minecraft:sea_pickle":4,"comforts:sleeping_bag_black":7,"mcwbridges:oak_log_bridge_middle":56,"minecraft:cobbled_deepslate":56,"minecraft:spruce_planks":134,"chipped:planked_oak_log":75,"minecraft:written_book":1,"mcwbridges:oak_log_bridge_stair":3,"minecraft:iron_pickaxe":2,"minecraft:coal_block":10,"the_pillager_legion_:legion_armor_helmet":2,"minecraft:furnace":3,"minecraft:golden_helmet":2,"minecraft:beehive":1,"minecraft:stick":80,"minecraft:deepslate_brick_wall":1,"minecraft:oak_fence":63,"minecraft:torch":53,"minecraft:spruce_stairs":6,"minecraft:pointed_dripstone":58,"minecraft:diorite":7,"minecraft:orange_bed":3,"minecraft:rotten_flesh":47,"minecraft:light_gray_bed":3,"chipped:circle_oak_glass":5,"minecraft:iron_block":1,"chipped:crated_oak_planks":40,"minecraft:deepslate_brick_stairs":7,"chipped:tiny_cobblestone_bricks":140,"friendsandfoes:waxed_oxidized_copper_button":1,"chipped:cracked_cobblestone_bricks":43,"minecraft:cobblestone":8625,"minecraft:birch_log":64,"chipped:smoothed_double_inlayed_cobblestone":40,"minecraft:pink_petals":3,"minecraft:water_bucket":2,"minecraft:andesite":17,"minecraft:golden_leggings":2,"minecraft:potato":40,"chipped:cobbled_cobblestone":1,"chipped:small_blue_stained_glass":2,"minecraft:flint":17,"minecraft:tuff":30,"skilltree:gem":61,"minecraft:lapis_lazuli":89,"minecraft:dirt":2587,"minecraft:lantern":26,"minecraft:bone":63,"minecraft:stonecutter":1,"minecraft:bow":3,"minecraft:wheat_seeds":1078,"minecraft:raw_gold":14,"minecraft:glowstone_dust":2,"minecraft:oak_planks":624,"minecraft:brain_coral":1,"minecraft:poisonous_potato":2,"minecraft:oak_pressure_plate":2,"minecraft:sand":253,"minecraft:stripped_spruce_log":1,"minecraft:ink_sac":4,"minecraft:mossy_cobblestone":1,"minecraft:diamond":6,"minecraft:granite":27,"minecraft:golden_apple":1,"minecraft:bread":23,"minecraft:spruce_sign":1,"minecraft:emerald":12,"minecraft:oak_sapling":97,"minecraft:netherrack":2,"chipped:shifted_oak_planks":2,"minecraft:charcoal":2,"minecraft:crafting_table":7,"minecraft:azure_bluet":11,"minecraft:ladder":2,"minecraft:clay_ball":148,"valarian_conquest:valarian_battle_axe":5,"gravestone:obituary":5,"minecraft:brick":6,"minecraft:cornflower":1,"minecraft:item_frame":1,"minecraft:iron_shovel":1,"minecraft:poppy":2,"minecraft:lectern":1,"minecraft:birch_sapling":3,"the_pillager_legion_:legion_showel_tpl":1,"minecraft:egg":13,"wardrobe:large_backpack":2,"minecraft:raw_iron":104,"minecraft:stone":1,"minecraft:oak_door":1,"handcrafted:spruce_corner_trim":1,"minecraft:cookie":7,"minecraft:redstone":12,"minecraft:stone_pressure_plate":1,"minecraft:arrow":52,"minecraft:stone_shovel":8,"minecraft:decorated_pot":1,"minecraft:deepslate_bricks":52,"minecraft:hay_block":35,"minecraft:mutton":1,"minecraft:oxeye_daisy":1,"minecraft:stripped_oak_log":1,"chipped:bundled_oak_log":1,"chipped:cut_cobblestone_column":222,"minecraft:leather":2,"minecraft:oak_log":448,"minecraft:gunpowder":5,"minecraft:deepslate_tile_slab":16,"minecraft:white_banner":1,"chipped:smooth_inlayed_cobblestone":16,"minecraft:cooked_mutton":2,"chococraft:chocobo_feather":1,"chococraft:gysahl_green":21,"minecraft:apple":44,"minecraft:stone_bricks":2,"minecraft:stone_pickaxe":5,"minecraft:iron_ingot":5,"the_pillager_legion_:legion_cut_deep_3":4,"the_pillager_legion_:legion_deep":9,"chipped:fancy_blue_stained_glass":14,"minecraft:soul_sand":3,"minecraft:iron_sword":2,"minecraft:oak_slab":69,"minecraft:scaffolding":1,"minecraft:book":15,"chipped:polished_cobblestone":20,"minecraft:sweet_berries":5,"minecraft:gravel":236,"minecraft:quartz":6,"minecraft:dandelion":20,"minecraft:dripstone_block":17,"minecraft:spruce_sapling":3,"chococraft:gysahl_green_seeds":7,"minecraft:white_bed":1,"minecraft:spruce_log":7,"minecraft:spider_eye":3,"minecraft:oak_wood":4,"minecraft:painting":4,"minecraft:coal":374,"minecraft:ender_pearl":1},"minecraft:killed_by":{"minecraft:player":1,"valarian_conquest:valarian_archer":1,"cave_dweller:cave_dweller":1},"minecraft:mined":{"minecraft:spruce_planks":146,"minecraft:white_bed":1,"minecraft:farmland":10,"mcwbridges:oak_log_bridge_stair":3,"minecraft:spruce_trapdoor":1,"minecraft:granite":31,"minecraft:grass_block":1026,"minecraft:stone_brick_wall":1,"minecraft:light_gray_bed":2,"chipped:shifted_oak_planks":2,"minecraft:deepslate_bricks":54,"minecraft:coal_block":10,"minecraft:spawner":3,"chipped:cobbled_cobblestone":1,"minecraft:iron_ore":30,"minecraft:cobbled_deepslate":1,"chipped:cut_cobblestone_column":217,"minecraft:deepslate_lapis_ore":9,"minecraft:azure_bluet":1,"chococraft:gysahl_green":15,"minecraft:pointed_dripstone":35,"minecraft:dirt_path":4,"minecraft:oak_stairs":39,"minecraft:deepslate_brick_stairs":7,"wardrobe:large_backpack_block":1,"minecraft:iron_block":1,"minecraft:orange_bed":2,"minecraft:deepslate_brick_wall":1,"minecraft:deepslate_tile_slab":16,"minecraft:blue_stained_glass":14,"minecraft:powder_snow":47,"handcrafted:spruce_corner_trim":1,"minecraft:clay":37,"minecraft:torch":14,"the_pillager_legion_:legion_deep":14,"diagonalfences:minecraft/oak_fence":62,"chipped:cracked_cobblestone_bricks":43,"minecraft:poppy":1,"chipped:fancy_blue_stained_glass":14,"chipped:circle_oak_glass":5,"chipped:tiny_cobblestone_bricks":150,"minecraft:cobblestone":178,"chipped:bundled_oak_log":1,"minecraft:oak_planks":240,"minecraft:wall_torch":29,"minecraft:pink_petals":1,"minecraft:chain":1,"realmrpg_skeletons:bow_skeleton":1,"chipped:smooth_inlayed_cobblestone":18,"minecraft:birch_log":6,"resource_ghouls:deepslate_quartz_ore":1,"minecraft:wheat":14,"realmrpg_skeletons:acrobat_skeleton":2,"chipped:smoothed_double_inlayed_cobblestone":42,"the_pillager_legion_:legion_cut_deep_2":2,"minecraft:grass":51,"minecraft:oak_log":274,"minecraft:sand":253,"minecraft:dirt":1999,"minecraft:stonecutter":1,"minecraft:oak_leaves":13,"minecraft:deepslate":53,"minecraft:tuff":32,"minecraft:mossy_cobblestone":1,"friendsandfoes:waxed_oxidized_copper_button":1,"minecraft:deepslate_diamond_ore":3,"chipped:crated_oak_planks":40,"chipped:polished_cobblestone":20,"gravestone:gravestone":16,"minecraft:spruce_fence":1,"minecraft:decorated_pot":1,"the_pillager_legion_:legion_cut_deep_3":4,"minecraft:white_stained_glass":2,"minecraft:spruce_leaves":2,"minecraft:hay_block":36,"minecraft:furnace":2,"minecraft:andesite":23,"minecraft:stripped_spruce_log":1,"minecraft:bookshelf":5,"minecraft:deepslate_iron_ore":67,"minecraft:lantern":10,"minecraft:stripped_oak_log":1,"minecraft:stone":11429,"chipped:small_blue_stained_glass":2,"minecraft:smithing_table":2,"minecraft:oak_slab":70,"minecraft:scaffolding":1,"the_pillager_legion_:legion_stone":1,"minecraft:dandelion":5,"minecraft:crafting_table":8,"minecraft:cornflower":1,"minecraft:emerald_ore":4,"minecraft:oak_wood":4,"minecraft:lectern":1,"minecraft:campfire":1,"minecraft:tall_grass":6,"minecraft:copper_ore":62,"minecraft:deepslate_gold_ore":8,"mcwbridges:oak_log_bridge_middle":55,"minecraft:spruce_stairs":6,"chipped:planked_oak_log":72,"minecraft:sea_pickle":1,"minecraft:beehive":1,"minecraft:sweet_berry_bush":1,"minecraft:spruce_log":7,"minecraft:coal_ore":262,"minecraft:gravel":312,"minecraft:flower_pot":1,"minecraft:dripstone_block":11,"minecraft:cobweb":2,"minecraft:stone_bricks":2},"minecraft:killed":{"resource_ghouls:iron_stonebore":1,"minecraft:spider":19,"creeperoverhaul:dripstone_creeper":1,"minecraft:skeleton":41,"resource_ghouls:prospector_2":2,"valarian_conquest:valarian_archer":3,"aquatic_frontiers:sandy_coral":2,"aquatic_frontiers:soul_sandy":1,"valarian_conquest:valarian_nobleman":1,"valarian_conquest:valarian_scout":1,"valarian_conquest:valarian_cannon":3,"minecraft:pig":1,"minecraft:zombie_villager":2,"minecraft:creeper":7,"valarian_conquest:valarian_raider":2,"minecraft:trader_llama":1,"minecraft:pillager":4,"minecraft:zombie":37,"resource_ghouls:prospector_4":20,"resource_ghouls:redstone_stonebore":1,"resource_ghouls:quartz_stonebore":1,"resource_ghouls:prospector":2,"resource_ghouls:gold_stonebore":2,"valarian_conquest:valarian_knight":1,"valarian_conquest:valarian_ranger":2,"the_pillager_legion_:veteran_infantryman_tpl":24,"endermanoverhaul:cave_enderman":1,"resource_ghouls:diamond_stonebore":1},"minecraft:used":{"minecraft:iron_shovel":34,"minecraft:chest":3,"minecraft:iron_sword":285,"minecraft:blue_stained_glass":126,"chipped:crated_oak_planks":128,"minecraft:deepslate_tile_slab":22,"minecraft:tuff":19,"minecraft:beehive":1,"the_pillager_legion_:legion_showel_tpl":2,"minecraft:lava_bucket":3,"minecraft:lantern":20,"minecraft:stone_bricks":2,"minecraft:bow":18,"minecraft:sweet_berries":6,"chipped:cobbled_cobblestone":1,"minecraft:furnace":7,"luphieclutteredmod:small_shelf":1,"minecraft:egg":3,"the_pillager_legion_:legion_armor_boots":1,"minecraft:potato":5,"minecraft:golden_boots":1,"minecraft:deepslate_brick_wall":4,"minecraft:diorite":3,"minecraft:stone_pickaxe":12237,"minecraft:oak_planks":1045,"handcrafted:spruce_corner_trim":1,"chipped:shifted_oak_planks":2,"minecraft:cookie":7,"minecraft:golden_apple":1,"chipped:bundled_oak_log":1,"minecraft:brain_coral":1,"minecraft:sand":4,"chipped:smoothed_double_inlayed_cobblestone":60,"minecraft:deepslate_brick_stairs":8,"chipped:cut_cobblestone_column":596,"minecraft:melon_slice":3,"minecraft:bread":278,"chipped:cracked_cobblestone_bricks":145,"the_pillager_legion_:legion_cut_deep_3":4,"minecraft:gravel":17,"minecraft:golden_helmet":1,"wardrobe:large_backpack":1,"friendsandfoes:waxed_oxidized_copper_button":1,"chococraft:gysahl_green":2,"chipped:carpenters_table":1,"minecraft:oak_fence":8,"minecraft:armor_stand":4,"minecraft:stone_shovel":3019,"minecraft:spruce_planks":76,"minecraft:stone_hoe":2,"minecraft:oak_door":1,"minecraft:orange_bed":3,"minecraft:torch":66,"minecraft:dirt":1350,"minecraft:spyglass":4,"minecraft:spruce_stairs":30,"minecraft:oak_wood":6,"minecraft:salmon_bucket":1,"minecraft:granite":9,"minecraft:spruce_fence":5,"chipped:tiny_cobblestone_bricks":696,"mcwbridges:oak_log_bridge_middle":77,"chipped:glassblower":1,"minecraft:iron_axe":502,"minecraft:oak_stairs":27,"chipped:smooth_inlayed_cobblestone":18,"chipped:planked_oak_log":233,"minecraft:golden_carrot":2,"the_pillager_legion_:legion_deep":1,"chipped:fancy_blue_stained_glass":14,"minecraft:cobbled_deepslate":25,"minecraft:light_gray_bed":3,"chipped:circle_oak_glass":5,"minecraft:pointed_dripstone":28,"minecraft:wheat_seeds":1,"minecraft:cooked_mutton":1,"minecraft:water_bucket":104,"comforts:sleeping_bag_black":6,"minecraft:stonecutter":1,"minecraft:deepslate_bricks":103,"minecraft:oak_slab":11,"minecraft:crafting_table":11,"chipped:mason_table":1,"minecraft:white_bed":1,"minecraft:painting":5,"minecraft:oak_log":59,"minecraft:apple":12,"chipped:small_blue_stained_glass":2,"minecraft:iron_pickaxe":663,"minecraft:golden_leggings":1,"mcwbridges:oak_log_bridge_stair":9,"minecraft:stone_axe":186,"minecraft:cobblestone":378,"minecraft:bucket":109,"chipped:polished_cobblestone":100},"minecraft:broken":{"minecraft:golden_helmet":1,"minecraft:iron_shovel":1,"minecraft:golden_boots":1,"minecraft:golden_leggings":1,"minecraft:stone_pickaxe":93,"minecraft:stone_axe":1,"minecraft:iron_sword":1,"minecraft:stone_shovel":22,"minecraft:golden_chestplate":1,"minecraft:iron_axe":2,"minecraft:iron_pickaxe":3},"minecraft:crafted":{"minecraft:brick":11,"minecraft:oak_planks":718,"minecraft:smooth_stone":3,"minecraft:cobblestone_slab":12,"mcwbridges:oak_log_bridge_stair":6,"minecraft:stone":3,"mcwbridges:pliers":1,"minecraft:deepslate_brick_stairs":8,"minecraft:glass":249,"minecraft:chest":3,"luphieclutteredmod:small_shelf":1,"minecraft:bricks":1,"chipped:mason_table":1,"minecraft:blue_stained_glass":200,"minecraft:crafting_table":8,"minecraft:spruce_planks":32,"minecraft:baked_potato":5,"handcrafted:spruce_corner_trim":4,"minecraft:oak_wood":3,"minecraft:birch_planks":28,"chipped:carpenters_table":1,"mcwbridges:oak_log_bridge_middle":40,"minecraft:stick":184,"minecraft:iron_ingot":30,"minecraft:iron_pickaxe":3,"minecraft:deepslate_tile_slab":14,"minecraft:oak_door":3,"minecraft:stone_shovel":24,"minecraft:coal":63,"minecraft:iron_nugget":9,"minecraft:furnace":5,"minecraft:blast_furnace":1,"minecraft:spruce_fence":6,"minecraft:spruce_stairs":24,"minecraft:deepslate_brick_wall":3,"minecraft:iron_axe":2,"minecraft:stone_pickaxe":93,"minecraft:wheat":303,"minecraft:coal_block":7,"minecraft:iron_sword":2,"minecraft:bucket":4,"minecraft:stone_axe":2,"minecraft:bread":300,"minecraft:air":0,"minecraft:blue_dye":25,"minecraft:oak_stairs":4,"minecraft:wooden_axe":1,"minecraft:torch":12,"chipped:glassblower":1},"minecraft:dropped":{"wardrobe:large_backpack":1,"minecraft:iron_sword":1,"minecraft:dirt":16,"the_pillager_legion_:legion_showel_tpl":1,"gravestone:obituary":7,"minecraft:iron_pickaxe":1,"minecraft:gravel":32,"minecraft:rotten_flesh":3,"minecraft:quartz":2,"minecraft:bread":83,"minecraft:wheat_seeds":14,"minecraft:cobblestone":23,"minecraft:apple":1,"minecraft:coal":2,"minecraft:diorite":4,"skilltree:gem":1,"minecraft:string":30,"minecraft:redstone":2,"valarian_conquest:valarian_spear":1,"minecraft:stone_pickaxe":5,"minecraft:bow":1},"minecraft:custom":{"minecraft:interact_with_crafting_table":131,"minecraft:open_barrel":24,"minecraft:leave_game":15,"minecraft:time_since_death":20402,"minecraft:sprint_one_cm":3723634,"minecraft:drop":119,"minecraft:talked_to_villager":7,"minecraft:play_time":1498385,"minecraft:deaths":17,"minecraft:jump":15142,"minecraft:walk_on_water_one_cm":255654,"minecraft:interact_with_furnace":71,"minecraft:sleep_in_bed":90,"minecraft:damage_dealt":36907,"minecraft:crouch_one_cm":29930,"minecraft:interact_with_smoker":6,"minecraft:horse_one_cm":94599,"minecraft:interact_with_smithing_table":3,"minecraft:mob_kills":196,"minecraft:climb_one_cm":7168,"minecraft:walk_one_cm":4001726,"minecraft:sneak_time":15422,"minecraft:walk_under_water_one_cm":83918,"minecraft:interact_with_lectern":2,"minecraft:total_world_time":1498385,"minecraft:interact_with_grindstone":1,"minecraft:interact_with_stonecutter":4,"minecraft:time_since_rest":20430,"minecraft:damage_taken":14814,"minecraft:damage_absorbed":40,"minecraft:swim_one_cm":124748,"minecraft:fly_one_cm":2533217,"minecraft:open_chest":218,"minecraft:fall_one_cm":304202}},"DataVersion":3465}