{"stats":{"minecraft:picked_up":{"minecraft:wheat":547,"minecraft:flower_pot":1,"minecraft:smithing_table":2,"minecraft:lead":1,"minecraft:oak_stairs":37,"minecraft:string":18,"minecraft:raw_copper":197,"minecraft:armor_stand":4,"minecraft:experience_bottle":2,"minecraft:sea_pickle":4,"comforts:sleeping_bag_black":6,"mcwbridges:oak_log_bridge_middle":56,"minecraft:cobbled_deepslate":15,"minecraft:spruce_planks":17,"chipped:planked_oak_log":75,"minecraft:written_book":1,"mcwbridges:oak_log_bridge_stair":3,"minecraft:iron_pickaxe":1,"minecraft:coal_block":10,"minecraft:furnace":1,"minecraft:golden_helmet":2,"minecraft:beehive":1,"minecraft:stick":80,"minecraft:deepslate_brick_wall":1,"minecraft:oak_fence":63,"minecraft:torch":37,"minecraft:spruce_stairs":6,"minecraft:pointed_dripstone":54,"minecraft:orange_bed":3,"minecraft:rotten_flesh":36,"minecraft:light_gray_bed":3,"minecraft:iron_block":1,"chipped:crated_oak_planks":40,"friendsandfoes:waxed_oxidized_copper_button":1,"chipped:tiny_cobblestone_bricks":130,"minecraft:deepslate_brick_stairs":7,"chipped:cracked_cobblestone_bricks":15,"minecraft:cobblestone":8544,"minecraft:birch_log":64,"chipped:smoothed_double_inlayed_cobblestone":40,"minecraft:pink_petals":3,"minecraft:andesite":17,"minecraft:golden_leggings":2,"minecraft:potato":1,"chipped:cobbled_cobblestone":1,"minecraft:flint":17,"minecraft:tuff":9,"skilltree:gem":44,"minecraft:lapis_lazuli":52,"minecraft:dirt":2578,"minecraft:lantern":23,"minecraft:bone":58,"minecraft:stonecutter":1,"minecraft:bow":3,"minecraft:wheat_seeds":935,"minecraft:raw_gold":4,"minecraft:oak_planks":624,"minecraft:brain_coral":1,"minecraft:oak_pressure_plate":2,"minecraft:stripped_spruce_log":1,"minecraft:ink_sac":4,"minecraft:mossy_cobblestone":1,"minecraft:diamond":4,"minecraft:granite":27,"minecraft:bread":22,"minecraft:golden_apple":1,"minecraft:spruce_sign":1,"minecraft:emerald":11,"minecraft:oak_sapling":97,"minecraft:netherrack":2,"chipped:shifted_oak_planks":2,"minecraft:charcoal":2,"minecraft:crafting_table":4,"minecraft:azure_bluet":11,"minecraft:ladder":2,"minecraft:clay_ball":32,"valarian_conquest:valarian_battle_axe":2,"gravestone:obituary":2,"minecraft:brick":6,"minecraft:cornflower":1,"minecraft:item_frame":1,"minecraft:iron_shovel":1,"minecraft:poppy":2,"minecraft:lectern":1,"minecraft:birch_sapling":3,"minecraft:egg":12,"wardrobe:large_backpack":2,"minecraft:raw_iron":24,"minecraft:stone":1,"minecraft:oak_door":1,"handcrafted:spruce_corner_trim":1,"minecraft:cookie":7,"minecraft:redstone":12,"minecraft:stone_pressure_plate":1,"minecraft:arrow":46,"minecraft:stone_shovel":7,"minecraft:decorated_pot":1,"minecraft:deepslate_bricks":42,"minecraft:hay_block":35,"minecraft:mutton":1,"minecraft:oxeye_daisy":1,"minecraft:stripped_oak_log":1,"chipped:bundled_oak_log":1,"chipped:cut_cobblestone_column":222,"minecraft:leather":2,"minecraft:oak_log":448,"minecraft:gunpowder":1,"minecraft:deepslate_tile_slab":16,"minecraft:white_banner":1,"chipped:smooth_inlayed_cobblestone":16,"minecraft:cooked_mutton":2,"chococraft:chocobo_feather":1,"chococraft:gysahl_green":21,"minecraft:apple":44,"minecraft:stone_bricks":2,"minecraft:stone_pickaxe":5,"minecraft:iron_ingot":5,"minecraft:soul_sand":3,"minecraft:iron_sword":1,"minecraft:scaffolding":1,"minecraft:book":15,"chipped:polished_cobblestone":20,"minecraft:oak_slab":69,"minecraft:sweet_berries":5,"minecraft:gravel":236,"minecraft:quartz":3,"minecraft:dandelion":20,"minecraft:dripstone_block":17,"minecraft:spruce_sapling":3,"chococraft:gysahl_green_seeds":7,"minecraft:white_bed":1,"minecraft:spruce_log":7,"minecraft:spider_eye":3,"minecraft:oak_wood":4,"minecraft:coal":351,"minecraft:ender_pearl":1},"minecraft:killed_by":{"minecraft:player":1,"valarian_conquest:valarian_archer":1},"minecraft:custom":{"minecraft:interact_with_crafting_table":112,"minecraft:open_barrel":24,"minecraft:leave_game":14,"minecraft:time_since_death":63939,"minecraft:sprint_one_cm":3426191,"minecraft:drop":66,"minecraft:talked_to_villager":7,"minecraft:play_time":1361113,"minecraft:deaths":11,"minecraft:jump":13444,"minecraft:walk_on_water_one_cm":205329,"minecraft:interact_with_furnace":24,"minecraft:sleep_in_bed":83,"minecraft:damage_dealt":26909,"minecraft:crouch_one_cm":20935,"minecraft:interact_with_smoker":6,"minecraft:horse_one_cm":94599,"minecraft:interact_with_smithing_table":3,"minecraft:mob_kills":139,"minecraft:climb_one_cm":7168,"minecraft:walk_one_cm":3501828,"minecraft:sneak_time":10807,"minecraft:walk_under_water_one_cm":52550,"minecraft:interact_with_lectern":2,"minecraft:total_world_time":1361113,"minecraft:interact_with_grindstone":1,"minecraft:interact_with_stonecutter":3,"minecraft:time_since_rest":15939,"minecraft:damage_taken":11519,"minecraft:damage_absorbed":40,"minecraft:swim_one_cm":106125,"minecraft:fly_one_cm":2302216,"minecraft:open_chest":155,"minecraft:fall_one_cm":257043},"minecraft:mined":{"minecraft:spruce_planks":16,"minecraft:white_bed":1,"minecraft:farmland":10,"mcwbridges:oak_log_bridge_stair":3,"minecraft:spruce_trapdoor":1,"minecraft:granite":31,"minecraft:grass_block":1021,"minecraft:stone_brick_wall":1,"minecraft:light_gray_bed":2,"chipped:shifted_oak_planks":2,"minecraft:deepslate_bricks":42,"minecraft:coal_block":10,"minecraft:spawner":1,"chipped:cobbled_cobblestone":1,"minecraft:iron_ore":18,"chipped:cut_cobblestone_column":217,"minecraft:deepslate_lapis_ore":4,"minecraft:azure_bluet":1,"chococraft:gysahl_green":15,"minecraft:pointed_dripstone":35,"minecraft:dirt_path":4,"minecraft:oak_stairs":39,"minecraft:deepslate_brick_stairs":7,"wardrobe:large_backpack_block":1,"minecraft:iron_block":1,"minecraft:orange_bed":2,"minecraft:deepslate_brick_wall":1,"minecraft:deepslate_tile_slab":16,"minecraft:powder_snow":47,"handcrafted:spruce_corner_trim":1,"minecraft:clay":8,"minecraft:torch":10,"diagonalfences:minecraft/oak_fence":62,"chipped:cracked_cobblestone_bricks":15,"minecraft:poppy":1,"chipped:tiny_cobblestone_bricks":140,"minecraft:cobblestone":178,"chipped:bundled_oak_log":1,"minecraft:oak_planks":240,"minecraft:wall_torch":21,"minecraft:pink_petals":1,"minecraft:chain":1,"realmrpg_skeletons:bow_skeleton":1,"chipped:smooth_inlayed_cobblestone":18,"minecraft:birch_log":6,"resource_ghouls:deepslate_quartz_ore":1,"minecraft:wheat":14,"realmrpg_skeletons:acrobat_skeleton":2,"chipped:smoothed_double_inlayed_cobblestone":42,"minecraft:grass":51,"minecraft:oak_log":274,"minecraft:dirt":1994,"minecraft:stonecutter":1,"minecraft:oak_leaves":13,"minecraft:deepslate":6,"minecraft:tuff":3,"minecraft:mossy_cobblestone":1,"friendsandfoes:waxed_oxidized_copper_button":1,"minecraft:deepslate_diamond_ore":1,"chipped:crated_oak_planks":40,"chipped:polished_cobblestone":20,"gravestone:gravestone":10,"minecraft:spruce_fence":1,"minecraft:decorated_pot":1,"minecraft:white_stained_glass":2,"minecraft:spruce_leaves":2,"minecraft:hay_block":36,"minecraft:andesite":23,"minecraft:stripped_spruce_log":1,"minecraft:bookshelf":5,"minecraft:deepslate_iron_ore":3,"minecraft:lantern":10,"minecraft:stripped_oak_log":1,"minecraft:stone":11393,"minecraft:smithing_table":2,"minecraft:oak_slab":70,"minecraft:scaffolding":1,"minecraft:dandelion":5,"minecraft:crafting_table":5,"minecraft:cornflower":1,"minecraft:emerald_ore":4,"minecraft:oak_wood":4,"minecraft:lectern":1,"minecraft:campfire":1,"minecraft:tall_grass":6,"minecraft:copper_ore":62,"mcwbridges:oak_log_bridge_middle":55,"minecraft:spruce_stairs":6,"chipped:planked_oak_log":72,"minecraft:sea_pickle":1,"minecraft:beehive":1,"minecraft:sweet_berry_bush":1,"minecraft:spruce_log":7,"minecraft:coal_ore":247,"minecraft:gravel":312,"minecraft:flower_pot":1,"minecraft:dripstone_block":11,"minecraft:cobweb":2,"minecraft:stone_bricks":2},"minecraft:broken":{"minecraft:golden_helmet":1,"minecraft:golden_boots":1,"minecraft:stone_pickaxe":92,"minecraft:iron_sword":1,"minecraft:stone_shovel":21,"minecraft:golden_chestplate":1,"minecraft:iron_axe":2,"minecraft:iron_pickaxe":2},"minecraft:crafted":{"minecraft:brick":7,"minecraft:oak_planks":718,"minecraft:cobblestone_slab":12,"mcwbridges:oak_log_bridge_stair":6,"mcwbridges:pliers":1,"minecraft:deepslate_brick_stairs":8,"minecraft:chest":3,"luphieclutteredmod:small_shelf":1,"chipped:mason_table":1,"minecraft:crafting_table":6,"minecraft:spruce_planks":32,"handcrafted:spruce_corner_trim":4,"minecraft:oak_wood":3,"minecraft:birch_planks":28,"chipped:carpenters_table":1,"mcwbridges:oak_log_bridge_middle":40,"minecraft:stick":184,"minecraft:iron_ingot":16,"minecraft:iron_pickaxe":2,"minecraft:deepslate_tile_slab":14,"minecraft:oak_door":3,"minecraft:coal":63,"minecraft:stone_shovel":20,"minecraft:iron_nugget":9,"minecraft:furnace":1,"minecraft:spruce_fence":6,"minecraft:spruce_stairs":24,"minecraft:deepslate_brick_wall":3,"minecraft:iron_axe":2,"minecraft:stone_pickaxe":92,"minecraft:wheat":303,"minecraft:coal_block":7,"minecraft:iron_sword":2,"minecraft:bucket":1,"minecraft:stone_axe":2,"minecraft:bread":286,"minecraft:air":0,"minecraft:oak_stairs":4,"minecraft:wooden_axe":1,"minecraft:torch":12},"minecraft:dropped":{"wardrobe:large_backpack":1,"minecraft:iron_sword":1,"minecraft:dirt":15,"gravestone:obituary":2,"minecraft:iron_pickaxe":1,"minecraft:gravel":32,"minecraft:rotten_flesh":3,"minecraft:bread":76,"minecraft:cobblestone":8,"minecraft:apple":1,"minecraft:string":30,"minecraft:redstone":2,"valarian_conquest:valarian_spear":1,"minecraft:stone_pickaxe":4,"minecraft:bow":1},"minecraft:killed":{"resource_ghouls:iron_stonebore":1,"minecraft:spider":17,"minecraft:skeleton":36,"resource_ghouls:prospector_2":2,"valarian_conquest:valarian_archer":3,"aquatic_frontiers:sandy_coral":2,"aquatic_frontiers:soul_sandy":1,"valarian_conquest:valarian_nobleman":1,"valarian_conquest:valarian_scout":1,"valarian_conquest:valarian_cannon":3,"minecraft:pig":1,"minecraft:zombie_villager":2,"minecraft:creeper":4,"valarian_conquest:valarian_raider":2,"minecraft:trader_llama":1,"minecraft:pillager":4,"minecraft:zombie":35,"resource_ghouls:prospector_4":6,"resource_ghouls:redstone_stonebore":1,"resource_ghouls:prospector":1,"resource_ghouls:gold_stonebore":2,"valarian_conquest:valarian_knight":1,"valarian_conquest:valarian_ranger":2,"endermanoverhaul:cave_enderman":1,"resource_ghouls:diamond_stonebore":1},"minecraft:used":{"minecraft:chest":3,"minecraft:iron_sword":254,"chipped:crated_oak_planks":128,"minecraft:deepslate_tile_slab":22,"minecraft:beehive":1,"minecraft:lava_bucket":3,"minecraft:lantern":20,"minecraft:stone_bricks":2,"minecraft:bow":18,"minecraft:sweet_berries":6,"chipped:cobbled_cobblestone":1,"minecraft:furnace":2,"luphieclutteredmod:small_shelf":1,"minecraft:egg":3,"minecraft:potato":4,"minecraft:deepslate_brick_wall":4,"minecraft:golden_boots":1,"minecraft:stone_pickaxe":12077,"minecraft:oak_planks":1044,"handcrafted:spruce_corner_trim":1,"chipped:shifted_oak_planks":2,"minecraft:cookie":7,"minecraft:golden_apple":1,"chipped:bundled_oak_log":1,"minecraft:brain_coral":1,"chipped:smoothed_double_inlayed_cobblestone":60,"minecraft:deepslate_brick_stairs":8,"chipped:cut_cobblestone_column":596,"minecraft:melon_slice":3,"minecraft:bread":242,"chipped:cracked_cobblestone_bricks":62,"minecraft:gravel":17,"minecraft:golden_helmet":1,"wardrobe:large_backpack":1,"friendsandfoes:waxed_oxidized_copper_button":1,"chococraft:gysahl_green":2,"chipped:carpenters_table":1,"minecraft:oak_fence":8,"minecraft:stone_shovel":2769,"minecraft:spruce_planks":39,"minecraft:stone_hoe":1,"minecraft:oak_door":1,"minecraft:orange_bed":3,"minecraft:torch":52,"minecraft:dirt":1343,"minecraft:spruce_stairs":30,"minecraft:oak_wood":6,"minecraft:spruce_fence":5,"minecraft:granite":9,"chipped:tiny_cobblestone_bricks":686,"mcwbridges:oak_log_bridge_middle":77,"minecraft:iron_axe":502,"minecraft:oak_stairs":27,"chipped:smooth_inlayed_cobblestone":18,"chipped:planked_oak_log":233,"minecraft:golden_carrot":2,"minecraft:light_gray_bed":3,"minecraft:pointed_dripstone":28,"minecraft:wheat_seeds":1,"minecraft:cooked_mutton":1,"minecraft:water_bucket":53,"comforts:sleeping_bag_black":5,"minecraft:stonecutter":1,"minecraft:deepslate_bricks":86,"minecraft:oak_slab":11,"minecraft:crafting_table":8,"chipped:mason_table":1,"minecraft:white_bed":1,"minecraft:painting":3,"minecraft:oak_log":59,"minecraft:apple":12,"minecraft:iron_pickaxe":501,"minecraft:golden_leggings":1,"mcwbridges:oak_log_bridge_stair":9,"minecraft:stone_axe":57,"minecraft:cobblestone":356,"minecraft:bucket":56,"chipped:polished_cobblestone":100}},"DataVersion":3465}