{"stats":{"minecraft:custom":{"minecraft:interact_with_smithing_table":3,"minecraft:mob_kills":106,"minecraft:interact_with_crafting_table":102,"minecraft:open_barrel":24,"minecraft:leave_game":13,"minecraft:time_since_death":717882,"minecraft:climb_one_cm":7168,"minecraft:sprint_one_cm":3234889,"minecraft:walk_one_cm":3003923,"minecraft:drop":58,"minecraft:talked_to_villager":7,"minecraft:play_time":1240766,"minecraft:sneak_time":10720,"minecraft:deaths":10,"minecraft:walk_under_water_one_cm":24576,"minecraft:interact_with_lectern":2,"minecraft:jump":11983,"minecraft:walk_on_water_one_cm":86213,"minecraft:total_world_time":1240766,"minecraft:interact_with_furnace":23,"minecraft:interact_with_grindstone":1,"minecraft:sleep_in_bed":78,"minecraft:time_since_rest":777,"minecraft:damage_taken":10034,"minecraft:damage_absorbed":40,"minecraft:damage_dealt":19513,"minecraft:swim_one_cm":106125,"minecraft:fly_one_cm":2141892,"minecraft:open_chest":120,"minecraft:crouch_one_cm":20484,"minecraft:interact_with_smoker":6,"minecraft:fall_one_cm":242708,"minecraft:horse_one_cm":94599},"minecraft:broken":{"minecraft:golden_boots":1,"minecraft:stone_pickaxe":88,"minecraft:iron_axe":2,"minecraft:iron_sword":1,"minecraft:iron_pickaxe":2,"minecraft:stone_shovel":21,"minecraft:golden_chestplate":1},"minecraft:picked_up":{"minecraft:charcoal":2,"chipped:shifted_oak_planks":2,"minecraft:crafting_table":4,"minecraft:wheat":260,"minecraft:azure_bluet":11,"minecraft:clay_ball":32,"minecraft:ladder":2,"minecraft:flower_pot":1,"valarian_conquest:valarian_battle_axe":2,"minecraft:lead":1,"minecraft:smithing_table":2,"minecraft:oak_stairs":33,"gravestone:obituary":2,"minecraft:brick":6,"minecraft:cornflower":1,"minecraft:string":11,"minecraft:raw_copper":197,"minecraft:item_frame":1,"minecraft:armor_stand":4,"minecraft:experience_bottle":2,"minecraft:sea_pickle":4,"comforts:sleeping_bag_black":5,"mcwbridges:oak_log_bridge_middle":56,"minecraft:spruce_planks":9,"chipped:planked_oak_log":73,"minecraft:written_book":1,"minecraft:poppy":2,"mcwbridges:oak_log_bridge_stair":3,"minecraft:lectern":1,"minecraft:coal_block":10,"minecraft:birch_sapling":3,"minecraft:furnace":1,"minecraft:egg":12,"minecraft:golden_helmet":2,"minecraft:beehive":1,"minecraft:stick":70,"minecraft:raw_iron":13,"minecraft:stone":1,"minecraft:oak_door":1,"minecraft:oak_fence":56,"minecraft:torch":22,"minecraft:cookie":7,"minecraft:pointed_dripstone":54,"minecraft:redstone":8,"minecraft:stone_pressure_plate":1,"minecraft:orange_bed":3,"minecraft:arrow":41,"minecraft:stone_shovel":7,"minecraft:light_gray_bed":3,"minecraft:rotten_flesh":15,"minecraft:decorated_pot":1,"minecraft:hay_block":35,"minecraft:iron_block":1,"chipped:crated_oak_planks":40,"chipped:tiny_cobblestone_bricks":125,"friendsandfoes:waxed_oxidized_copper_button":1,"minecraft:mutton":1,"chipped:smoothed_double_inlayed_cobblestone":40,"chipped:cracked_cobblestone_bricks":15,"minecraft:birch_log":64,"minecraft:cobblestone":8352,"minecraft:oxeye_daisy":1,"chipped:bundled_oak_log":1,"minecraft:pink_petals":3,"chipped:cut_cobblestone_column":164,"minecraft:andesite":17,"minecraft:leather":2,"minecraft:golden_leggings":2,"minecraft:potato":1,"chipped:cobbled_cobblestone":1,"minecraft:flint":17,"minecraft:tuff":3,"minecraft:oak_log":390,"minecraft:gunpowder":1,"minecraft:lapis_lazuli":24,"skilltree:gem":39,"minecraft:dirt":2577,"minecraft:lantern":21,"minecraft:white_banner":1,"chipped:smooth_inlayed_cobblestone":16,"minecraft:cooked_mutton":2,"chococraft:chocobo_feather":1,"minecraft:bone":52,"chococraft:gysahl_green":21,"minecraft:apple":44,"minecraft:stone_bricks":2,"minecraft:stonecutter":1,"minecraft:bow":3,"minecraft:wheat_seeds":450,"minecraft:iron_ingot":5,"minecraft:stone_pickaxe":4,"minecraft:iron_sword":1,"minecraft:oak_planks":624,"minecraft:soul_sand":3,"minecraft:brain_coral":1,"minecraft:book":15,"minecraft:scaffolding":1,"minecraft:oak_slab":69,"minecraft:sweet_berries":5,"minecraft:dandelion":20,"minecraft:oak_pressure_plate":2,"minecraft:dripstone_block":17,"minecraft:gravel":235,"minecraft:spruce_sapling":3,"minecraft:stripped_spruce_log":1,"chococraft:gysahl_green_seeds":7,"minecraft:ink_sac":3,"minecraft:white_bed":1,"minecraft:spruce_log":7,"minecraft:spider_eye":1,"minecraft:oak_wood":4,"minecraft:golden_apple":1,"minecraft:spruce_sign":1,"minecraft:emerald":11,"minecraft:bread":17,"minecraft:oak_sapling":97,"minecraft:netherrack":2,"minecraft:coal":334,"minecraft:ender_pearl":1},"minecraft:killed_by":{"valarian_conquest:valarian_archer":1},"minecraft:mined":{"minecraft:spruce_planks":8,"minecraft:white_bed":1,"minecraft:farmland":10,"friendsandfoes:waxed_oxidized_copper_button":1,"chipped:crated_oak_planks":40,"mcwbridges:oak_log_bridge_stair":3,"minecraft:spruce_trapdoor":1,"gravestone:gravestone":9,"minecraft:stone_brick_wall":1,"minecraft:spruce_fence":1,"minecraft:grass_block":1020,"minecraft:decorated_pot":1,"minecraft:white_stained_glass":2,"minecraft:light_gray_bed":2,"chipped:shifted_oak_planks":2,"minecraft:coal_block":10,"minecraft:spruce_leaves":2,"minecraft:hay_block":36,"chipped:cobbled_cobblestone":1,"minecraft:iron_ore":10,"minecraft:andesite":23,"minecraft:stripped_spruce_log":1,"chipped:cut_cobblestone_column":159,"minecraft:azure_bluet":1,"minecraft:bookshelf":5,"chococraft:gysahl_green":15,"minecraft:pointed_dripstone":35,"minecraft:dirt_path":4,"minecraft:oak_stairs":35,"minecraft:lantern":10,"minecraft:stone":11248,"minecraft:iron_block":1,"minecraft:orange_bed":2,"minecraft:smithing_table":2,"minecraft:oak_slab":70,"minecraft:scaffolding":1,"minecraft:dandelion":5,"minecraft:powder_snow":47,"minecraft:clay":8,"minecraft:crafting_table":5,"minecraft:cornflower":1,"minecraft:torch":4,"minecraft:emerald_ore":4,"diagonalfences:minecraft/oak_fence":56,"chipped:cracked_cobblestone_bricks":15,"minecraft:oak_wood":4,"minecraft:poppy":1,"minecraft:campfire":1,"minecraft:lectern":1,"minecraft:copper_ore":62,"chipped:tiny_cobblestone_bricks":135,"minecraft:tall_grass":6,"minecraft:cobblestone":129,"chipped:bundled_oak_log":1,"minecraft:oak_planks":240,"mcwbridges:oak_log_bridge_middle":55,"minecraft:wall_torch":15,"minecraft:pink_petals":1,"realmrpg_skeletons:bow_skeleton":1,"chipped:smooth_inlayed_cobblestone":18,"minecraft:sea_pickle":1,"minecraft:beehive":1,"chipped:planked_oak_log":70,"minecraft:birch_log":6,"minecraft:wheat":14,"minecraft:sweet_berry_bush":1,"minecraft:spruce_log":7,"realmrpg_skeletons:acrobat_skeleton":2,"chipped:smoothed_double_inlayed_cobblestone":42,"minecraft:grass":50,"minecraft:oak_log":214,"minecraft:coal_ore":230,"minecraft:gravel":311,"minecraft:flower_pot":1,"minecraft:dripstone_block":11,"minecraft:dirt":1992,"minecraft:cobweb":2,"minecraft:stone_bricks":2,"minecraft:stonecutter":1,"minecraft:oak_leaves":13},"minecraft:dropped":{"minecraft:bread":22,"minecraft:iron_sword":1,"minecraft:cobblestone":8,"minecraft:apple":1,"minecraft:dirt":15,"gravestone:obituary":1,"minecraft:gravel":32,"valarian_conquest:valarian_spear":1,"minecraft:rotten_flesh":3,"minecraft:bow":1,"minecraft:stone_pickaxe":4},"minecraft:crafted":{"minecraft:brick":7,"minecraft:oak_door":3,"minecraft:coal":63,"minecraft:oak_planks":706,"minecraft:cobblestone_slab":12,"minecraft:stone_shovel":20,"minecraft:iron_nugget":9,"minecraft:furnace":1,"mcwbridges:oak_log_bridge_stair":6,"mcwbridges:pliers":1,"minecraft:iron_axe":2,"minecraft:stone_pickaxe":89,"minecraft:chest":3,"luphieclutteredmod:small_shelf":1,"minecraft:coal_block":7,"chipped:mason_table":1,"minecraft:wheat":303,"minecraft:crafting_table":5,"minecraft:spruce_planks":32,"minecraft:iron_sword":2,"minecraft:oak_wood":3,"minecraft:birch_planks":28,"chipped:carpenters_table":1,"mcwbridges:oak_log_bridge_middle":40,"minecraft:bread":191,"minecraft:stick":184,"minecraft:iron_ingot":16,"minecraft:iron_pickaxe":2,"minecraft:oak_stairs":4,"minecraft:wooden_axe":1,"minecraft:torch":8},"minecraft:killed":{"minecraft:spider":10,"valarian_conquest:valarian_knight":1,"valarian_conquest:valarian_ranger":2,"minecraft:skeleton":31,"resource_ghouls:prospector_2":1,"valarian_conquest:valarian_archer":3,"aquatic_frontiers:sandy_coral":2,"aquatic_frontiers:soul_sandy":1,"valarian_conquest:valarian_nobleman":1,"valarian_conquest:valarian_scout":1,"valarian_conquest:valarian_cannon":3,"minecraft:pig":1,"minecraft:zombie_villager":2,"minecraft:creeper":4,"valarian_conquest:valarian_raider":2,"minecraft:trader_llama":1,"minecraft:pillager":4,"minecraft:zombie":25,"endermanoverhaul:cave_enderman":1,"resource_ghouls:prospector_4":1,"resource_ghouls:prospector":1},"minecraft:used":{"minecraft:oak_fence":2,"minecraft:stone_shovel":2769,"minecraft:chest":3,"minecraft:spruce_planks":31,"minecraft:iron_sword":254,"minecraft:stone_hoe":1,"minecraft:orange_bed":3,"minecraft:oak_door":1,"minecraft:torch":33,"minecraft:dirt":1343,"chipped:crated_oak_planks":128,"minecraft:oak_wood":6,"minecraft:beehive":1,"chipped:tiny_cobblestone_bricks":649,"mcwbridges:oak_log_bridge_middle":77,"minecraft:lantern":17,"minecraft:iron_axe":502,"minecraft:oak_stairs":23,"chipped:smooth_inlayed_cobblestone":18,"chipped:planked_oak_log":214,"minecraft:stone_bricks":2,"minecraft:golden_carrot":2,"minecraft:bow":18,"chipped:cobbled_cobblestone":1,"minecraft:sweet_berries":6,"minecraft:furnace":2,"luphieclutteredmod:small_shelf":1,"minecraft:light_gray_bed":3,"minecraft:egg":3,"minecraft:potato":4,"minecraft:pointed_dripstone":28,"minecraft:golden_boots":1,"minecraft:wheat_seeds":1,"minecraft:cooked_mutton":1,"comforts:sleeping_bag_black":4,"minecraft:stone_pickaxe":11657,"minecraft:oak_planks":1032,"chipped:shifted_oak_planks":2,"minecraft:cookie":7,"minecraft:golden_apple":1,"chipped:bundled_oak_log":1,"minecraft:brain_coral":1,"chipped:mason_table":1,"chipped:smoothed_double_inlayed_cobblestone":60,"minecraft:oak_slab":11,"minecraft:crafting_table":7,"minecraft:white_bed":1,"minecraft:painting":3,"minecraft:oak_log":19,"chipped:cut_cobblestone_column":574,"minecraft:apple":12,"minecraft:melon_slice":3,"minecraft:bread":216,"minecraft:iron_pickaxe":500,"chipped:cracked_cobblestone_bricks":62,"minecraft:gravel":17,"minecraft:golden_leggings":1,"mcwbridges:oak_log_bridge_stair":9,"minecraft:golden_helmet":1,"friendsandfoes:waxed_oxidized_copper_button":1,"minecraft:cobblestone":275,"chococraft:gysahl_green":2,"chipped:carpenters_table":1}},"DataVersion":3465}