{"stats":{"minecraft:picked_up":{"minecraft:wheat":547,"minecraft:flower_pot":1,"minecraft:smithing_table":2,"minecraft:lead":1,"minecraft:oak_stairs":37,"minecraft:string":18,"minecraft:raw_copper":197,"minecraft:armor_stand":5,"minecraft:experience_bottle":2,"minecraft:sea_pickle":4,"comforts:sleeping_bag_black":7,"mcwbridges:oak_log_bridge_middle":56,"minecraft:cobbled_deepslate":15,"minecraft:spruce_planks":134,"chipped:planked_oak_log":75,"minecraft:written_book":1,"mcwbridges:oak_log_bridge_stair":3,"minecraft:iron_pickaxe":1,"minecraft:coal_block":10,"minecraft:furnace":2,"minecraft:golden_helmet":2,"minecraft:beehive":1,"minecraft:stick":80,"minecraft:deepslate_brick_wall":1,"minecraft:oak_fence":63,"minecraft:torch":46,"minecraft:spruce_stairs":6,"minecraft:pointed_dripstone":54,"minecraft:orange_bed":3,"minecraft:rotten_flesh":41,"minecraft:light_gray_bed":3,"chipped:circle_oak_glass":5,"minecraft:iron_block":1,"chipped:crated_oak_planks":40,"minecraft:deepslate_brick_stairs":7,"chipped:tiny_cobblestone_bricks":140,"friendsandfoes:waxed_oxidized_copper_button":1,"chipped:cracked_cobblestone_bricks":43,"minecraft:cobblestone":8575,"minecraft:birch_log":64,"chipped:smoothed_double_inlayed_cobblestone":40,"minecraft:pink_petals":3,"minecraft:andesite":17,"minecraft:golden_leggings":2,"minecraft:potato":5,"chipped:cobbled_cobblestone":1,"chipped:small_blue_stained_glass":2,"minecraft:flint":17,"minecraft:tuff":11,"skilltree:gem":46,"minecraft:lapis_lazuli":52,"minecraft:dirt":2583,"minecraft:lantern":23,"minecraft:bone":61,"minecraft:stonecutter":1,"minecraft:bow":3,"minecraft:wheat_seeds":935,"minecraft:raw_gold":4,"minecraft:oak_planks":624,"minecraft:brain_coral":1,"minecraft:oak_pressure_plate":2,"minecraft:sand":253,"minecraft:stripped_spruce_log":1,"minecraft:ink_sac":4,"minecraft:mossy_cobblestone":1,"minecraft:diamond":4,"minecraft:granite":27,"minecraft:golden_apple":1,"minecraft:bread":22,"minecraft:spruce_sign":1,"minecraft:emerald":11,"minecraft:oak_sapling":97,"minecraft:netherrack":2,"chipped:shifted_oak_planks":2,"minecraft:charcoal":2,"minecraft:crafting_table":4,"minecraft:azure_bluet":11,"minecraft:ladder":2,"minecraft:clay_ball":148,"valarian_conquest:valarian_battle_axe":2,"gravestone:obituary":2,"minecraft:brick":6,"minecraft:cornflower":1,"minecraft:item_frame":1,"minecraft:iron_shovel":1,"minecraft:poppy":2,"minecraft:lectern":1,"minecraft:birch_sapling":3,"minecraft:egg":13,"wardrobe:large_backpack":2,"minecraft:raw_iron":36,"minecraft:stone":1,"minecraft:oak_door":1,"handcrafted:spruce_corner_trim":1,"minecraft:cookie":7,"minecraft:redstone":12,"minecraft:stone_pressure_plate":1,"minecraft:arrow":52,"minecraft:stone_shovel":7,"minecraft:decorated_pot":1,"minecraft:deepslate_bricks":42,"minecraft:hay_block":35,"minecraft:mutton":1,"minecraft:oxeye_daisy":1,"minecraft:stripped_oak_log":1,"chipped:bundled_oak_log":1,"chipped:cut_cobblestone_column":222,"minecraft:leather":2,"minecraft:oak_log":448,"minecraft:gunpowder":5,"minecraft:deepslate_tile_slab":16,"minecraft:white_banner":1,"chipped:smooth_inlayed_cobblestone":16,"minecraft:cooked_mutton":2,"chococraft:chocobo_feather":1,"chococraft:gysahl_green":21,"minecraft:apple":44,"minecraft:stone_bricks":2,"minecraft:stone_pickaxe":5,"minecraft:iron_ingot":5,"chipped:fancy_blue_stained_glass":14,"minecraft:soul_sand":3,"minecraft:iron_sword":1,"minecraft:oak_slab":69,"minecraft:scaffolding":1,"minecraft:book":15,"chipped:polished_cobblestone":20,"minecraft:sweet_berries":5,"minecraft:gravel":236,"minecraft:quartz":3,"minecraft:dandelion":20,"minecraft:dripstone_block":17,"minecraft:spruce_sapling":3,"chococraft:gysahl_green_seeds":7,"minecraft:white_bed":1,"minecraft:spruce_log":7,"minecraft:spider_eye":3,"minecraft:oak_wood":4,"minecraft:coal":353,"minecraft:ender_pearl":1},"minecraft:killed_by":{"minecraft:player":1,"valarian_conquest:valarian_archer":1},"minecraft:mined":{"minecraft:spruce_planks":146,"minecraft:white_bed":1,"minecraft:farmland":10,"mcwbridges:oak_log_bridge_stair":3,"minecraft:spruce_trapdoor":1,"minecraft:granite":31,"minecraft:grass_block":1025,"minecraft:stone_brick_wall":1,"minecraft:light_gray_bed":2,"chipped:shifted_oak_planks":2,"minecraft:deepslate_bricks":42,"minecraft:coal_block":10,"minecraft:spawner":1,"chipped:cobbled_cobblestone":1,"minecraft:iron_ore":28,"chipped:cut_cobblestone_column":217,"minecraft:deepslate_lapis_ore":4,"minecraft:azure_bluet":1,"chococraft:gysahl_green":15,"minecraft:pointed_dripstone":35,"minecraft:dirt_path":4,"minecraft:oak_stairs":39,"minecraft:deepslate_brick_stairs":7,"wardrobe:large_backpack_block":1,"minecraft:iron_block":1,"minecraft:orange_bed":2,"minecraft:deepslate_brick_wall":1,"minecraft:deepslate_tile_slab":16,"minecraft:blue_stained_glass":14,"minecraft:powder_snow":47,"handcrafted:spruce_corner_trim":1,"minecraft:clay":37,"minecraft:torch":14,"diagonalfences:minecraft/oak_fence":62,"chipped:cracked_cobblestone_bricks":43,"minecraft:poppy":1,"chipped:fancy_blue_stained_glass":14,"chipped:circle_oak_glass":5,"chipped:tiny_cobblestone_bricks":150,"minecraft:cobblestone":178,"chipped:bundled_oak_log":1,"minecraft:oak_planks":240,"minecraft:wall_torch":24,"minecraft:pink_petals":1,"minecraft:chain":1,"realmrpg_skeletons:bow_skeleton":1,"chipped:smooth_inlayed_cobblestone":18,"minecraft:birch_log":6,"resource_ghouls:deepslate_quartz_ore":1,"minecraft:wheat":14,"realmrpg_skeletons:acrobat_skeleton":2,"chipped:smoothed_double_inlayed_cobblestone":42,"minecraft:grass":51,"minecraft:oak_log":274,"minecraft:sand":253,"minecraft:dirt":1996,"minecraft:stonecutter":1,"minecraft:oak_leaves":13,"minecraft:deepslate":6,"minecraft:tuff":3,"minecraft:mossy_cobblestone":1,"friendsandfoes:waxed_oxidized_copper_button":1,"minecraft:deepslate_diamond_ore":1,"chipped:crated_oak_planks":40,"chipped:polished_cobblestone":20,"gravestone:gravestone":10,"minecraft:spruce_fence":1,"minecraft:decorated_pot":1,"minecraft:white_stained_glass":2,"minecraft:spruce_leaves":2,"minecraft:hay_block":36,"minecraft:furnace":1,"minecraft:andesite":23,"minecraft:stripped_spruce_log":1,"minecraft:bookshelf":5,"minecraft:deepslate_iron_ore":4,"minecraft:lantern":10,"minecraft:stripped_oak_log":1,"minecraft:stone":11423,"chipped:small_blue_stained_glass":2,"minecraft:smithing_table":2,"minecraft:oak_slab":70,"minecraft:scaffolding":1,"minecraft:dandelion":5,"minecraft:crafting_table":5,"minecraft:cornflower":1,"minecraft:emerald_ore":4,"minecraft:oak_wood":4,"minecraft:lectern":1,"minecraft:campfire":1,"minecraft:tall_grass":6,"minecraft:copper_ore":62,"mcwbridges:oak_log_bridge_middle":55,"minecraft:spruce_stairs":6,"chipped:planked_oak_log":72,"minecraft:sea_pickle":1,"minecraft:beehive":1,"minecraft:sweet_berry_bush":1,"minecraft:spruce_log":7,"minecraft:coal_ore":247,"minecraft:gravel":312,"minecraft:flower_pot":1,"minecraft:dripstone_block":11,"minecraft:cobweb":2,"minecraft:stone_bricks":2},"minecraft:killed":{"resource_ghouls:iron_stonebore":1,"minecraft:spider":19,"minecraft:skeleton":41,"resource_ghouls:prospector_2":2,"valarian_conquest:valarian_archer":3,"aquatic_frontiers:sandy_coral":2,"aquatic_frontiers:soul_sandy":1,"valarian_conquest:valarian_nobleman":1,"valarian_conquest:valarian_scout":1,"valarian_conquest:valarian_cannon":3,"minecraft:pig":1,"minecraft:zombie_villager":2,"minecraft:creeper":7,"valarian_conquest:valarian_raider":2,"minecraft:trader_llama":1,"minecraft:pillager":4,"minecraft:zombie":37,"resource_ghouls:prospector_4":13,"resource_ghouls:redstone_stonebore":1,"resource_ghouls:prospector":2,"resource_ghouls:gold_stonebore":2,"valarian_conquest:valarian_knight":1,"valarian_conquest:valarian_ranger":2,"endermanoverhaul:cave_enderman":1,"resource_ghouls:diamond_stonebore":1},"minecraft:used":{"minecraft:iron_shovel":34,"minecraft:chest":3,"minecraft:iron_sword":254,"minecraft:blue_stained_glass":126,"chipped:crated_oak_planks":128,"minecraft:deepslate_tile_slab":22,"minecraft:beehive":1,"minecraft:lava_bucket":3,"minecraft:lantern":20,"minecraft:stone_bricks":2,"minecraft:bow":18,"minecraft:sweet_berries":6,"chipped:cobbled_cobblestone":1,"minecraft:furnace":5,"luphieclutteredmod:small_shelf":1,"minecraft:egg":3,"minecraft:potato":5,"minecraft:golden_boots":1,"minecraft:deepslate_brick_wall":4,"minecraft:stone_pickaxe":12186,"minecraft:oak_planks":1045,"handcrafted:spruce_corner_trim":1,"chipped:shifted_oak_planks":2,"minecraft:cookie":7,"minecraft:golden_apple":1,"chipped:bundled_oak_log":1,"minecraft:brain_coral":1,"minecraft:sand":4,"chipped:smoothed_double_inlayed_cobblestone":60,"minecraft:deepslate_brick_stairs":8,"chipped:cut_cobblestone_column":596,"minecraft:melon_slice":3,"minecraft:bread":260,"chipped:cracked_cobblestone_bricks":145,"minecraft:gravel":17,"minecraft:golden_helmet":1,"wardrobe:large_backpack":1,"friendsandfoes:waxed_oxidized_copper_button":1,"chococraft:gysahl_green":2,"chipped:carpenters_table":1,"minecraft:oak_fence":8,"minecraft:armor_stand":4,"minecraft:stone_shovel":3019,"minecraft:spruce_planks":76,"minecraft:stone_hoe":2,"minecraft:oak_door":1,"minecraft:orange_bed":3,"minecraft:torch":61,"minecraft:dirt":1347,"minecraft:spruce_stairs":30,"minecraft:oak_wood":6,"minecraft:salmon_bucket":1,"minecraft:granite":9,"minecraft:spruce_fence":5,"chipped:tiny_cobblestone_bricks":696,"mcwbridges:oak_log_bridge_middle":77,"chipped:glassblower":1,"minecraft:iron_axe":502,"minecraft:oak_stairs":27,"chipped:smooth_inlayed_cobblestone":18,"chipped:planked_oak_log":233,"minecraft:golden_carrot":2,"chipped:fancy_blue_stained_glass":14,"minecraft:light_gray_bed":3,"chipped:circle_oak_glass":5,"minecraft:pointed_dripstone":28,"minecraft:wheat_seeds":1,"minecraft:cooked_mutton":1,"minecraft:water_bucket":92,"comforts:sleeping_bag_black":6,"minecraft:stonecutter":1,"minecraft:deepslate_bricks":98,"minecraft:oak_slab":11,"minecraft:crafting_table":8,"chipped:mason_table":1,"minecraft:white_bed":1,"minecraft:painting":3,"minecraft:oak_log":59,"minecraft:apple":12,"chipped:small_blue_stained_glass":2,"minecraft:iron_pickaxe":501,"minecraft:golden_leggings":1,"mcwbridges:oak_log_bridge_stair":9,"minecraft:stone_axe":186,"minecraft:cobblestone":363,"minecraft:bucket":96,"chipped:polished_cobblestone":100},"minecraft:broken":{"minecraft:golden_helmet":1,"minecraft:iron_shovel":1,"minecraft:golden_boots":1,"minecraft:golden_leggings":1,"minecraft:stone_pickaxe":92,"minecraft:stone_axe":1,"minecraft:iron_sword":1,"minecraft:stone_shovel":22,"minecraft:golden_chestplate":1,"minecraft:iron_axe":2,"minecraft:iron_pickaxe":2},"minecraft:crafted":{"minecraft:brick":11,"minecraft:oak_planks":718,"minecraft:smooth_stone":3,"minecraft:cobblestone_slab":12,"mcwbridges:oak_log_bridge_stair":6,"minecraft:stone":3,"mcwbridges:pliers":1,"minecraft:deepslate_brick_stairs":8,"minecraft:glass":249,"minecraft:chest":3,"luphieclutteredmod:small_shelf":1,"minecraft:bricks":1,"chipped:mason_table":1,"minecraft:blue_stained_glass":200,"minecraft:crafting_table":7,"minecraft:spruce_planks":32,"handcrafted:spruce_corner_trim":4,"minecraft:oak_wood":3,"minecraft:birch_planks":28,"chipped:carpenters_table":1,"mcwbridges:oak_log_bridge_middle":40,"minecraft:stick":184,"minecraft:iron_ingot":18,"minecraft:iron_pickaxe":2,"minecraft:deepslate_tile_slab":14,"minecraft:oak_door":3,"minecraft:stone_shovel":24,"minecraft:coal":63,"minecraft:iron_nugget":9,"minecraft:furnace":4,"minecraft:blast_furnace":1,"minecraft:spruce_fence":6,"minecraft:spruce_stairs":24,"minecraft:deepslate_brick_wall":3,"minecraft:iron_axe":2,"minecraft:stone_pickaxe":92,"minecraft:wheat":303,"minecraft:coal_block":7,"minecraft:iron_sword":2,"minecraft:bucket":1,"minecraft:stone_axe":2,"minecraft:bread":286,"minecraft:air":0,"minecraft:blue_dye":25,"minecraft:oak_stairs":4,"minecraft:wooden_axe":1,"minecraft:torch":12,"chipped:glassblower":1},"minecraft:dropped":{"wardrobe:large_backpack":1,"minecraft:iron_sword":1,"minecraft:dirt":15,"gravestone:obituary":2,"minecraft:iron_pickaxe":1,"minecraft:gravel":32,"minecraft:rotten_flesh":3,"minecraft:bread":76,"minecraft:cobblestone":8,"minecraft:apple":1,"skilltree:gem":1,"minecraft:string":30,"minecraft:redstone":2,"valarian_conquest:valarian_spear":1,"minecraft:stone_pickaxe":4,"minecraft:bow":1},"minecraft:custom":{"minecraft:interact_with_crafting_table":122,"minecraft:open_barrel":24,"minecraft:leave_game":15,"minecraft:time_since_death":135211,"minecraft:sprint_one_cm":3602146,"minecraft:drop":67,"minecraft:talked_to_villager":7,"minecraft:play_time":1432385,"minecraft:deaths":11,"minecraft:jump":14265,"minecraft:walk_on_water_one_cm":241090,"minecraft:interact_with_furnace":60,"minecraft:sleep_in_bed":89,"minecraft:damage_dealt":30478,"minecraft:crouch_one_cm":20935,"minecraft:interact_with_smoker":6,"minecraft:horse_one_cm":94599,"minecraft:interact_with_smithing_table":3,"minecraft:mob_kills":159,"minecraft:climb_one_cm":7168,"minecraft:walk_one_cm":3767976,"minecraft:sneak_time":10846,"minecraft:walk_under_water_one_cm":62141,"minecraft:interact_with_lectern":2,"minecraft:total_world_time":1432385,"minecraft:interact_with_grindstone":1,"minecraft:interact_with_stonecutter":4,"minecraft:time_since_rest":8019,"minecraft:damage_taken":12322,"minecraft:damage_absorbed":40,"minecraft:swim_one_cm":124748,"minecraft:fly_one_cm":2450374,"minecraft:open_chest":191,"minecraft:fall_one_cm":269609}},"DataVersion":3465}