{"stats":{"minecraft:picked_up":{"minecraft:charcoal":2,"chipped:shifted_oak_planks":2,"minecraft:crafting_table":4,"minecraft:wheat":260,"minecraft:azure_bluet":11,"minecraft:clay_ball":32,"minecraft:ladder":2,"minecraft:flower_pot":1,"valarian_conquest:valarian_battle_axe":2,"minecraft:smithing_table":2,"gravestone:obituary":2,"minecraft:brick":6,"minecraft:cornflower":1,"minecraft:string":8,"minecraft:raw_copper":146,"minecraft:item_frame":1,"minecraft:armor_stand":4,"minecraft:experience_bottle":2,"minecraft:sea_pickle":4,"minecraft:spruce_planks":4,"chipped:planked_oak_log":73,"minecraft:written_book":1,"minecraft:poppy":2,"minecraft:lectern":1,"minecraft:coal_block":10,"minecraft:birch_sapling":3,"minecraft:furnace":1,"minecraft:egg":12,"minecraft:golden_helmet":2,"minecraft:beehive":1,"minecraft:stick":70,"minecraft:raw_iron":10,"minecraft:stone":1,"minecraft:torch":18,"minecraft:cookie":7,"minecraft:pointed_dripstone":54,"minecraft:stone_pressure_plate":1,"minecraft:orange_bed":3,"minecraft:arrow":34,"minecraft:stone_shovel":7,"minecraft:light_gray_bed":3,"minecraft:rotten_flesh":14,"minecraft:decorated_pot":1,"minecraft:hay_block":35,"minecraft:iron_block":1,"chipped:crated_oak_planks":40,"chipped:tiny_cobblestone_bricks":108,"friendsandfoes:waxed_oxidized_copper_button":1,"minecraft:mutton":1,"minecraft:birch_log":64,"chipped:cracked_cobblestone_bricks":13,"minecraft:cobblestone":5825,"minecraft:oxeye_daisy":1,"chipped:bundled_oak_log":1,"chipped:smoothed_double_inlayed_cobblestone":40,"minecraft:pink_petals":3,"chipped:cut_cobblestone_column":157,"minecraft:andesite":17,"minecraft:golden_leggings":2,"minecraft:flint":8,"minecraft:tuff":3,"minecraft:oak_log":390,"minecraft:gunpowder":1,"minecraft:lapis_lazuli":24,"skilltree:gem":25,"minecraft:dirt":2365,"minecraft:lantern":15,"minecraft:white_banner":1,"chipped:smooth_inlayed_cobblestone":16,"minecraft:cooked_mutton":2,"chococraft:chocobo_feather":1,"minecraft:bone":36,"chococraft:gysahl_green":21,"minecraft:apple":44,"minecraft:stone_bricks":2,"minecraft:stonecutter":1,"minecraft:bow":2,"minecraft:wheat_seeds":450,"minecraft:iron_ingot":5,"minecraft:stone_pickaxe":4,"minecraft:iron_sword":1,"minecraft:oak_planks":116,"minecraft:soul_sand":3,"minecraft:brain_coral":1,"minecraft:book":9,"minecraft:scaffolding":1,"minecraft:sweet_berries":5,"minecraft:dandelion":20,"minecraft:gravel":108,"minecraft:dripstone_block":16,"minecraft:spruce_sapling":3,"minecraft:stripped_spruce_log":1,"chococraft:gysahl_green_seeds":7,"minecraft:ink_sac":3,"minecraft:white_bed":1,"minecraft:spruce_log":7,"minecraft:spider_eye":1,"minecraft:oak_wood":4,"minecraft:emerald":11,"minecraft:golden_apple":1,"minecraft:bread":17,"minecraft:spruce_sign":1,"minecraft:oak_sapling":97,"minecraft:netherrack":2,"minecraft:coal":262,"minecraft:ender_pearl":1},"minecraft:crafted":{"minecraft:brick":7,"minecraft:oak_door":3,"minecraft:oak_planks":218,"minecraft:cobblestone_slab":12,"minecraft:stone_shovel":20,"minecraft:furnace":1,"minecraft:iron_axe":1,"minecraft:stone_pickaxe":70,"minecraft:chest":3,"chipped:mason_table":1,"minecraft:wheat":303,"minecraft:crafting_table":5,"minecraft:spruce_planks":32,"minecraft:iron_sword":2,"minecraft:oak_wood":3,"minecraft:birch_planks":28,"chipped:carpenters_table":1,"minecraft:bread":191,"minecraft:stick":184,"minecraft:iron_ingot":7,"minecraft:iron_pickaxe":2,"minecraft:wooden_axe":1,"minecraft:oak_stairs":4,"minecraft:torch":8},"minecraft:used":{"minecraft:stone_shovel":2506,"minecraft:chest":3,"minecraft:spruce_planks":29,"minecraft:iron_sword":254,"minecraft:orange_bed":3,"minecraft:oak_door":1,"minecraft:torch":29,"minecraft:dirt":1314,"chipped:crated_oak_planks":128,"minecraft:oak_wood":6,"minecraft:beehive":1,"chipped:tiny_cobblestone_bricks":417,"minecraft:lantern":10,"minecraft:iron_axe":229,"minecraft:oak_stairs":4,"chipped:smooth_inlayed_cobblestone":18,"chipped:planked_oak_log":214,"minecraft:stone_bricks":2,"minecraft:golden_carrot":2,"minecraft:bow":18,"minecraft:sweet_berries":6,"minecraft:furnace":2,"minecraft:egg":3,"minecraft:light_gray_bed":3,"minecraft:potato":3,"minecraft:pointed_dripstone":28,"minecraft:golden_boots":1,"minecraft:wheat_seeds":1,"minecraft:cooked_mutton":1,"minecraft:stone_pickaxe":8458,"minecraft:oak_planks":158,"chipped:shifted_oak_planks":2,"minecraft:cookie":7,"minecraft:golden_apple":1,"chipped:bundled_oak_log":1,"minecraft:brain_coral":1,"chipped:mason_table":1,"minecraft:crafting_table":7,"chipped:smoothed_double_inlayed_cobblestone":60,"minecraft:white_bed":1,"minecraft:painting":3,"minecraft:oak_log":19,"chipped:cut_cobblestone_column":531,"minecraft:apple":12,"minecraft:melon_slice":3,"minecraft:bread":186,"minecraft:iron_pickaxe":500,"chipped:cracked_cobblestone_bricks":42,"minecraft:gravel":1,"minecraft:golden_leggings":1,"minecraft:golden_helmet":1,"friendsandfoes:waxed_oxidized_copper_button":1,"minecraft:cobblestone":100,"chococraft:gysahl_green":2,"chipped:carpenters_table":1},"minecraft:custom":{"minecraft:interact_with_smithing_table":3,"minecraft:mob_kills":85,"minecraft:interact_with_crafting_table":77,"minecraft:open_barrel":24,"minecraft:leave_game":12,"minecraft:time_since_death":433472,"minecraft:climb_one_cm":7168,"minecraft:sprint_one_cm":2779798,"minecraft:walk_one_cm":2090392,"minecraft:drop":57,"minecraft:talked_to_villager":7,"minecraft:play_time":956356,"minecraft:sneak_time":9817,"minecraft:deaths":10,"minecraft:walk_under_water_one_cm":16465,"minecraft:interact_with_lectern":2,"minecraft:jump":9733,"minecraft:walk_on_water_one_cm":56972,"minecraft:total_world_time":956356,"minecraft:interact_with_furnace":23,"minecraft:interact_with_grindstone":1,"minecraft:sleep_in_bed":64,"minecraft:time_since_rest":1932,"minecraft:damage_taken":9341,"minecraft:damage_absorbed":40,"minecraft:damage_dealt":15782,"minecraft:swim_one_cm":93420,"minecraft:fly_one_cm":1858519,"minecraft:open_chest":97,"minecraft:crouch_one_cm":18071,"minecraft:interact_with_smoker":6,"minecraft:fall_one_cm":224437,"minecraft:horse_one_cm":94599},"minecraft:broken":{"minecraft:golden_boots":1,"minecraft:stone_pickaxe":64,"minecraft:iron_sword":1,"minecraft:iron_pickaxe":2,"minecraft:stone_shovel":19,"minecraft:golden_chestplate":1},"minecraft:killed_by":{"valarian_conquest:valarian_archer":1},"minecraft:dropped":{"minecraft:bread":22,"minecraft:iron_sword":1,"minecraft:cobblestone":8,"minecraft:apple":1,"minecraft:dirt":15,"gravestone:obituary":1,"valarian_conquest:valarian_spear":1,"minecraft:rotten_flesh":3,"minecraft:stone_pickaxe":4,"minecraft:bow":1},"minecraft:killed":{"minecraft:spider":6,"valarian_conquest:valarian_knight":1,"valarian_conquest:valarian_ranger":2,"minecraft:skeleton":22,"resource_ghouls:prospector_2":1,"valarian_conquest:valarian_archer":3,"aquatic_frontiers:sandy_coral":2,"aquatic_frontiers:soul_sandy":1,"valarian_conquest:valarian_nobleman":1,"valarian_conquest:valarian_scout":1,"valarian_conquest:valarian_cannon":3,"minecraft:pig":1,"minecraft:zombie_villager":2,"minecraft:creeper":4,"valarian_conquest:valarian_raider":2,"minecraft:pillager":4,"endermanoverhaul:cave_enderman":1,"minecraft:zombie":18,"resource_ghouls:prospector_4":1,"resource_ghouls:prospector":1},"minecraft:mined":{"minecraft:spruce_planks":4,"minecraft:white_bed":1,"friendsandfoes:waxed_oxidized_copper_button":1,"chipped:crated_oak_planks":40,"minecraft:spruce_trapdoor":1,"gravestone:gravestone":9,"minecraft:stone_brick_wall":1,"minecraft:grass_block":999,"minecraft:spruce_fence":1,"minecraft:decorated_pot":1,"minecraft:white_stained_glass":2,"minecraft:light_gray_bed":2,"chipped:shifted_oak_planks":2,"minecraft:coal_block":10,"minecraft:spruce_leaves":2,"minecraft:hay_block":36,"minecraft:iron_ore":7,"minecraft:andesite":23,"minecraft:stripped_spruce_log":1,"chipped:cut_cobblestone_column":152,"minecraft:azure_bluet":1,"chococraft:gysahl_green":15,"minecraft:bookshelf":3,"minecraft:pointed_dripstone":35,"minecraft:dirt_path":1,"minecraft:lantern":7,"minecraft:stone":8288,"minecraft:iron_block":1,"minecraft:orange_bed":2,"minecraft:smithing_table":2,"minecraft:scaffolding":1,"minecraft:dandelion":5,"minecraft:powder_snow":47,"minecraft:clay":8,"minecraft:crafting_table":5,"minecraft:cornflower":1,"minecraft:torch":2,"minecraft:emerald_ore":4,"chipped:cracked_cobblestone_bricks":13,"minecraft:oak_wood":4,"minecraft:poppy":1,"minecraft:campfire":1,"minecraft:lectern":1,"chipped:tiny_cobblestone_bricks":118,"minecraft:copper_ore":42,"minecraft:tall_grass":6,"minecraft:cobblestone":19,"chipped:bundled_oak_log":1,"minecraft:oak_planks":115,"minecraft:wall_torch":14,"minecraft:pink_petals":1,"realmrpg_skeletons:bow_skeleton":1,"chipped:smooth_inlayed_cobblestone":18,"minecraft:sea_pickle":1,"minecraft:beehive":1,"chipped:planked_oak_log":70,"minecraft:birch_log":6,"minecraft:wheat":14,"minecraft:sweet_berry_bush":1,"minecraft:spruce_log":7,"realmrpg_skeletons:acrobat_skeleton":2,"chipped:smoothed_double_inlayed_cobblestone":42,"minecraft:grass":47,"minecraft:oak_log":214,"minecraft:coal_ore":158,"minecraft:gravel":191,"minecraft:flower_pot":1,"minecraft:dripstone_block":8,"minecraft:dirt":1796,"minecraft:cobweb":2,"minecraft:stonecutter":1,"minecraft:stone_bricks":2,"minecraft:oak_leaves":13}},"DataVersion":3465}