{"stats":{"minecraft:custom":{"minecraft:interact_with_crafting_table":96,"minecraft:open_barrel":18,"minecraft:eat_cake_slice":5,"minecraft:leave_game":11,"minecraft:time_since_death":164110,"minecraft:sprint_one_cm":1770956,"minecraft:drop":84,"minecraft:talked_to_villager":6,"minecraft:play_time":926144,"minecraft:deaths":7,"minecraft:jump":10366,"minecraft:walk_on_water_one_cm":102016,"minecraft:enchant_item":1,"minecraft:interact_with_furnace":82,"minecraft:sleep_in_bed":43,"minecraft:damage_dealt":30599,"minecraft:player_kills":1,"minecraft:crouch_one_cm":33755,"minecraft:horse_one_cm":68113,"minecraft:interact_with_smithing_table":1,"minecraft:mob_kills":197,"minecraft:interact_with_campfire":14,"minecraft:climb_one_cm":3618,"minecraft:walk_one_cm":2915217,"minecraft:sneak_time":12697,"minecraft:walk_under_water_one_cm":98586,"minecraft:boat_one_cm":26055,"minecraft:interact_with_lectern":7,"minecraft:interact_with_blast_furnace":1,"minecraft:total_world_time":926144,"minecraft:interact_with_stonecutter":2,"minecraft:time_since_rest":24865,"minecraft:damage_taken":7599,"minecraft:swim_one_cm":48534,"minecraft:fly_one_cm":2334369,"minecraft:open_chest":231,"minecraft:fish_caught":54,"minecraft:fall_one_cm":230960},"minecraft:killed":{"minecraft:cave_spider":3,"minecraft:witch":1,"minecraft:spider":21,"creeperoverhaul:dripstone_creeper":1,"minecraft:skeleton":24,"resource_ghouls:prospector_2":1,"valarian_conquest:valarian_archer":2,"valarian_conquest:valarian_spearman":4,"valarian_conquest:valarian_cannon":1,"minecraft:zombie_villager":1,"minecraft:creeper":11,"valarian_conquest:valarian_raider":1,"minecraft:sheep":1,"minecraft:trader_llama":1,"minecraft:pillager":12,"minecraft:zombie":39,"resource_ghouls:prospector_4":13,"resource_ghouls:redstone_stonebore":1,"resource_ghouls:quartz_stonebore":1,"resource_ghouls:prospector":1,"minecraft:cow":16,"valarian_conquest:valarian_knight":1,"valarian_conquest:valarian_guard":2,"minecraft:drowned":3,"valarian_conquest:valarian_officer":2,"resource_ghouls:emerald_stonebore":1,"minecraft:bat":1,"resource_ghouls:copper_stonebore":2,"minecraft:wandering_trader":1,"minecraft:squid":2,"the_pillager_legion_:veteran_infantryman_tpl":15,"endermanoverhaul:cave_enderman":1,"resource_ghouls:lapis_stonebore":2,"resource_ghouls:diamond_stonebore":2},"minecraft:crafted":{"minecraft:black_dye":5,"minecraft:smooth_stone":150,"minecraft:oak_planks":1348,"minecraft:stone":192,"wardrobe:large_backpack":1,"minecraft:chest":9,"luphieclutteredmod:small_shelf":1,"minecraft:stone_hoe":21,"minecraft:oak_fence":54,"minecraft:smoker":14,"wardrobe:bound_leather":14,"minecraft:wooden_shovel":1,"minecraft:crafting_table":5,"minecraft:spruce_planks":1364,"minecraft:wooden_pickaxe":1,"minecraft:baked_potato":91,"minecraft:campfire":1,"comforts:sleeping_bag_black":2,"minecraft:diamond_pickaxe":2,"minecraft:stick":92,"minecraft:iron_ingot":136,"minecraft:iron_pickaxe":1,"minecraft:shears":1,"minecraft:coal":90,"minecraft:stone_shovel":26,"minecraft:fishing_rod":1,"comforts:sleeping_bag_white":2,"minecraft:furnace":59,"minecraft:blast_furnace":10,"minecraft:stone_pickaxe":16,"minecraft:dark_oak_planks":32,"minecraft:wheat":135,"minecraft:cooked_beef":26,"minecraft:enchanting_table":1,"minecraft:bucket":3,"minecraft:stone_axe":1,"minecraft:bread":154,"minecraft:air":0,"minecraft:oak_boat":2,"minecraft:wooden_axe":1,"minecraft:oak_stairs":48,"minecraft:torch":16},"minecraft:used":{"minecraft:chest":11,"minecraft:iron_sword":78,"minecraft:carrot":356,"valarian_conquest:valarian_spear":44,"the_pillager_legion_:legion_showel_tpl":1,"minecraft:lava_bucket":9,"minecraft:birch_sapling":1,"minecraft:bow":92,"minecraft:written_book":1,"minecraft:furnace":51,"minecraft:oak_sapling":274,"luphieclutteredmod:small_shelf":2,"minecraft:egg":6,"minecraft:potato":1381,"minecraft:stone_pickaxe":1440,"minecraft:oak_planks":407,"minecraft:wooden_pickaxe":4,"minecraft:oak_leaves":1,"minecraft:golden_hoe":16,"minecraft:sand":1,"minecraft:blast_furnace":18,"minecraft:bread":123,"wardrobe:large_backpack":1,"minecraft:diamond_sword":3,"chococraft:gysahl_green":1,"minecraft:oak_boat":2,"minecraft:oak_fence":56,"minecraft:enchanting_table":1,"minecraft:stone_shovel":2443,"minecraft:spruce_planks":1025,"minecraft:stone_hoe":2295,"minecraft:torch":46,"minecraft:dirt":606,"minecraft:granite":15,"minecraft:wooden_axe":28,"minecraft:dark_oak_planks":33,"minecraft:oak_stairs":59,"minecraft:goat_horn":3,"minecraft:cooked_beef":27,"minecraft:cobbled_deepslate":2,"minecraft:light_gray_bed":8,"minecraft:wheat_seeds":556,"minecraft:water_bucket":328,"comforts:sleeping_bag_black":3,"minecraft:cobblestone_slab":1,"minecraft:crafting_table":8,"minecraft:campfire":1,"minecraft:painting":5,"minecraft:smoker":14,"minecraft:diamond_pickaxe":4,"minecraft:apple":29,"minecraft:iron_pickaxe":425,"minecraft:spruce_sapling":1,"minecraft:stone_axe":130,"minecraft:fishing_rod":71,"minecraft:cobblestone":92,"minecraft:white_banner":2,"minecraft:bucket":339},"minecraft:dropped":{"wardrobe:large_backpack":1,"minecraft:iron_sword":1,"mcwbridges:oak_log_bridge_stair":1,"minecraft:emerald":1,"minecraft:dirt":356,"the_pillager_legion_:legion_showel_tpl":1,"gravestone:obituary":2,"minecraft:sand":1,"minecraft:iron_pickaxe":1,"minecraft:fishing_rod":1,"minecraft:bone":1,"minecraft:stone_axe":3,"minecraft:cobbled_deepslate":5,"minecraft:rotten_flesh":5,"minecraft:oak_planks":641,"the_pillager_legion_:legion_deep":8,"minecraft:arrow":5,"minecraft:quartz":1,"minecraft:written_book":1,"comforts:sleeping_bag_black":1,"minecraft:iron_ingot":2,"minecraft:bread":19,"minecraft:wheat_seeds":55,"minecraft:dripstone_block":1,"minecraft:poisonous_potato":1,"minecraft:cobblestone":36,"mcwbridges:oak_log_bridge_middle":5,"minecraft:wooden_axe":2,"skilltree:gem":1,"minecraft:string":2,"minecraft:dandelion":1,"minecraft:furnace":1,"chococraft:chocobo_feather":1,"minecraft:stone_shovel":1,"minecraft:diamond_pickaxe":1,"minecraft:oak_sapling":12,"minecraft:wooden_shovel":1,"minecraft:stone_pressure_plate":1,"minecraft:stone_pickaxe":6,"minecraft:wooden_pickaxe":1,"chococraft:gysahl_green":6},"minecraft:mined":{"minecraft:dark_oak_planks":1,"minecraft:spruce_planks":32,"minecraft:oak_sapling":4,"minecraft:farmland":1,"minecraft:obsidian":4,"minecraft:granite":46,"minecraft:grass_block":1851,"minecraft:light_gray_bed":8,"minecraft:deepslate_bricks":2,"minecraft:raw_iron_block":1,"minecraft:iron_ore":30,"minecraft:fire":19,"minecraft:oak_stairs":15,"wardrobe:large_backpack_block":1,"minecraft:orange_bed":1,"minecraft:smoker":1,"minecraft:powder_snow":45,"minecraft:torch":17,"the_pillager_legion_:legion_deep":7,"minecraft:blast_furnace":7,"diagonalfences:minecraft/oak_fence":2,"minecraft:chest":2,"minecraft:cobblestone":8,"minecraft:oak_planks":66,"minecraft:wall_torch":11,"minecraft:birch_log":58,"minecraft:wheat":48,"minecraft:lilac":1,"minecraft:tnt":1,"the_pillager_legion_:legion_cut_deep_2":2,"minecraft:grass":85,"minecraft:oak_log":477,"minecraft:sand":2,"minecraft:dirt":1083,"realmrpg_skeletons:unsaved_skeleton":1,"minecraft:oak_leaves":11,"minecraft:deepslate":83,"minecraft:tuff":34,"minecraft:deepslate_diamond_ore":23,"gravestone:gravestone":5,"minecraft:dark_oak_fence":1,"minecraft:white_stained_glass":2,"minecraft:spruce_leaves":3,"minecraft:hay_block":15,"minecraft:furnace":23,"minecraft:carrots":7,"minecraft:andesite":3,"minecraft:gold_block":9,"minecraft:bookshelf":15,"minecraft:deepslate_iron_ore":22,"minecraft:cobblestone_slab":1,"minecraft:packed_ice":5,"minecraft:stone":1497,"minecraft:cake":1,"luphieclutteredmod:small_shelf":1,"minecraft:stone_brick_slab":1,"minecraft:crafting_table":3,"minecraft:emerald_ore":1,"minecraft:oak_wood":1,"minecraft:campfire":1,"minecraft:tall_grass":3,"minecraft:copper_ore":13,"minecraft:lapis_ore":5,"minecraft:lily_pad":1,"mcwbridges:oak_log_bridge_middle":1,"minecraft:diorite":16,"minecraft:spruce_log":347,"minecraft:coal_ore":29,"minecraft:gravel":44,"minecraft:dripstone_block":1,"minecraft:stone_bricks":2,"minecraft:fern":1},"minecraft:broken":{"minecraft:stone_pickaxe":11,"minecraft:fishing_rod":1,"minecraft:stone_shovel":18,"minecraft:golden_hoe":1,"minecraft:stone_hoe":17,"minecraft:iron_pickaxe":2},"minecraft:picked_up":{"minecraft:wooden_axe":1,"minecraft:wheat":557,"minecraft:lead":1,"minecraft:oak_stairs":15,"minecraft:string":58,"minecraft:raw_copper":53,"minecraft:pufferfish":6,"comforts:sleeping_bag_black":3,"mcwbridges:oak_log_bridge_middle":5,"minecraft:cobbled_deepslate":87,"minecraft:spruce_planks":31,"minecraft:cobblestone_slab":1,"mcwbridges:oak_log_bridge_stair":1,"minecraft:iron_pickaxe":4,"minecraft:furnace":24,"minecraft:stick":297,"minecraft:oak_fence":2,"minecraft:torch":46,"minecraft:pointed_dripstone":1,"minecraft:diorite":12,"minecraft:light_gray_bed":8,"minecraft:rotten_flesh":44,"minecraft:obsidian":4,"minecraft:cod":38,"minecraft:cobblestone":1332,"minecraft:birch_log":58,"minecraft:lilac":1,"minecraft:water_bucket":2,"minecraft:andesite":3,"minecraft:smoker":1,"minecraft:potato":2048,"minecraft:flint":7,"minecraft:tuff":36,"skilltree:gem":21,"minecraft:lapis_lazuli":34,"minecraft:dirt":1964,"minecraft:lantern":1,"minecraft:bone":21,"minecraft:bow":3,"minecraft:wheat_seeds":1003,"minecraft:raw_gold":1,"minecraft:oak_planks":323,"wardrobe:hardened_leather":14,"minecraft:poisonous_potato":12,"minecraft:sand":2,"minecraft:ink_sac":5,"the_pillager_legion_:classic_legion_shield":1,"minecraft:diamond":25,"minecraft:granite":49,"minecraft:bread":81,"minecraft:emerald":13,"minecraft:oak_sapling":289,"minecraft:oak_leaves":1,"minecraft:fishing_rod":2,"minecraft:charcoal":2,"minecraft:crafting_table":4,"valarian_conquest:valarian_battle_axe":1,"minecraft:brown_mushroom":1,"minecraft:gold_block":9,"gravestone:obituary":5,"resource_ghouls:broken_miners_helmet_2_helmet":1,"minecraft:beef":32,"minecraft:chest":2,"minecraft:birch_sapling":26,"the_pillager_legion_:legion_showel_tpl":1,"minecraft:egg":15,"wardrobe:large_backpack":2,"minecraft:raw_iron":57,"minecraft:stone":1,"luphieclutteredmod:small_shelf":1,"minecraft:carrot":472,"minecraft:redstone":9,"minecraft:stone_pressure_plate":1,"minecraft:dark_oak_planks":1,"minecraft:tnt":1,"minecraft:arrow":45,"minecraft:hay_block":15,"valarian_conquest:valarian_spear":1,"minecraft:saddle":2,"minecraft:white_wool":7,"the_pillager_legion_:legion_cut_deep_2":1,"minecraft:salmon":10,"minecraft:leather":18,"minecraft:oak_log":477,"minecraft:lily_pad":3,"minecraft:gunpowder":7,"minecraft:white_banner":2,"chococraft:chocobo_feather":1,"chococraft:gysahl_green":7,"minecraft:apple":23,"minecraft:stone_bricks":2,"minecraft:stone_pickaxe":5,"minecraft:iron_ingot":1,"the_pillager_legion_:legion_deep":8,"minecraft:iron_sword":2,"minecraft:book":45,"minecraft:stone_brick_slab":1,"minecraft:quartz":3,"minecraft:dandelion":1,"minecraft:raw_iron_block":1,"minecraft:dripstone_block":2,"minecraft:gravel":48,"minecraft:spruce_sapling":128,"minecraft:blast_furnace":7,"minecraft:spruce_log":341,"the_pillager_legion_:legion_axe_tpl":1,"minecraft:spider_eye":6,"minecraft:oak_wood":1,"minecraft:stone_axe":4,"minecraft:painting":5,"minecraft:black_wool":2,"minecraft:coal":247,"minecraft:ender_pearl":1}},"DataVersion":3465}