{"stats":{"minecraft:crafted":{"minecraft:oak_planks":176,"minecraft:stone_shovel":26,"minecraft:stone_pickaxe":4,"minecraft:chest":1,"minecraft:dark_oak_planks":32,"minecraft:stone_hoe":9,"minecraft:wheat":135,"minecraft:crafting_table":2,"minecraft:spruce_planks":28,"minecraft:wooden_pickaxe":1,"minecraft:stone_axe":1,"minecraft:bread":58,"minecraft:stick":56,"minecraft:iron_ingot":1,"minecraft:wooden_axe":1,"minecraft:torch":16},"minecraft:picked_up":{"minecraft:wooden_axe":1,"minecraft:charcoal":2,"minecraft:crafting_table":3,"minecraft:wheat":33,"minecraft:brown_mushroom":1,"gravestone:obituary":1,"minecraft:string":4,"minecraft:beef":7,"minecraft:cobblestone_slab":1,"minecraft:iron_pickaxe":2,"minecraft:chest":1,"minecraft:birch_sapling":25,"minecraft:furnace":1,"minecraft:egg":12,"minecraft:stick":109,"minecraft:torch":5,"minecraft:pointed_dripstone":1,"minecraft:stone_pressure_plate":1,"minecraft:dark_oak_planks":1,"minecraft:tnt":1,"minecraft:light_gray_bed":8,"minecraft:arrow":28,"minecraft:rotten_flesh":1,"minecraft:hay_block":15,"valarian_conquest:valarian_spear":1,"minecraft:cobblestone":287,"minecraft:birch_log":58,"minecraft:leather":2,"minecraft:smoker":1,"minecraft:flint":3,"minecraft:oak_log":239,"minecraft:gunpowder":2,"minecraft:lapis_lazuli":24,"skilltree:gem":8,"minecraft:dirt":1690,"minecraft:lantern":1,"minecraft:white_banner":2,"chococraft:chocobo_feather":1,"minecraft:bone":9,"chococraft:gysahl_green":7,"minecraft:apple":15,"minecraft:stone_bricks":2,"minecraft:bow":2,"minecraft:wheat_seeds":81,"minecraft:iron_ingot":1,"minecraft:iron_sword":2,"minecraft:oak_planks":4,"minecraft:book":45,"minecraft:stone_brick_slab":1,"minecraft:sand":2,"minecraft:spruce_sapling":11,"minecraft:spruce_log":7,"minecraft:oak_wood":1,"minecraft:emerald":9,"minecraft:bread":21,"minecraft:oak_sapling":133,"minecraft:coal":24},"minecraft:used":{"minecraft:stone_shovel":2394,"minecraft:chest":2,"minecraft:spruce_planks":8,"minecraft:iron_sword":77,"minecraft:stone_hoe":119,"minecraft:torch":14,"minecraft:dirt":418,"minecraft:dark_oak_planks":33,"minecraft:wooden_axe":28,"minecraft:bow":35,"minecraft:written_book":1,"minecraft:oak_sapling":132,"minecraft:goat_horn":3,"minecraft:egg":6,"minecraft:potato":5,"minecraft:light_gray_bed":8,"minecraft:wheat_seeds":25,"minecraft:water_bucket":241,"minecraft:stone_pickaxe":300,"minecraft:oak_planks":85,"minecraft:wooden_pickaxe":4,"minecraft:cobblestone_slab":1,"minecraft:sand":1,"minecraft:golden_hoe":16,"minecraft:crafting_table":5,"minecraft:bread":86,"minecraft:iron_pickaxe":250,"minecraft:stone_axe":5,"minecraft:diamond_sword":3,"minecraft:white_banner":2,"minecraft:bucket":241,"chococraft:gysahl_green":1},"minecraft:custom":{"minecraft:interact_with_smithing_table":1,"minecraft:mob_kills":54,"minecraft:interact_with_crafting_table":16,"minecraft:open_barrel":16,"minecraft:eat_cake_slice":5,"minecraft:leave_game":8,"minecraft:time_since_death":243487,"minecraft:climb_one_cm":3203,"minecraft:sprint_one_cm":717358,"minecraft:walk_one_cm":1176148,"minecraft:drop":33,"minecraft:talked_to_villager":5,"minecraft:play_time":323508,"minecraft:deaths":1,"minecraft:sneak_time":706,"minecraft:walk_under_water_one_cm":12504,"minecraft:interact_with_lectern":7,"minecraft:jump":4809,"minecraft:walk_on_water_one_cm":30495,"minecraft:total_world_time":323508,"minecraft:interact_with_furnace":1,"minecraft:sleep_in_bed":21,"minecraft:time_since_rest":6483,"minecraft:damage_taken":3183,"minecraft:damage_dealt":7816,"minecraft:swim_one_cm":24949,"minecraft:fly_one_cm":1215574,"minecraft:open_chest":50,"minecraft:crouch_one_cm":2220,"minecraft:fall_one_cm":104175,"minecraft:horse_one_cm":68113},"minecraft:broken":{"minecraft:golden_hoe":1,"minecraft:stone_pickaxe":2,"minecraft:iron_pickaxe":1,"minecraft:stone_shovel":18},"minecraft:dropped":{"minecraft:iron_ingot":2,"minecraft:bread":14,"minecraft:iron_sword":1,"minecraft:wheat_seeds":52,"minecraft:cobblestone":36,"minecraft:emerald":1,"minecraft:dirt":292,"minecraft:wooden_axe":2,"skilltree:gem":1,"gravestone:obituary":1,"minecraft:sand":1,"chococraft:chocobo_feather":1,"minecraft:oak_planks":1,"minecraft:oak_sapling":12,"minecraft:stone_pressure_plate":1,"minecraft:arrow":5,"minecraft:wooden_pickaxe":1,"minecraft:written_book":1,"chococraft:gysahl_green":6},"minecraft:killed":{"minecraft:spider":3,"valarian_conquest:valarian_knight":1,"valarian_conquest:valarian_guard":2,"creeperoverhaul:dripstone_creeper":1,"minecraft:skeleton":11,"valarian_conquest:valarian_archer":2,"minecraft:drowned":1,"valarian_conquest:valarian_spearman":4,"valarian_conquest:valarian_cannon":1,"valarian_conquest:valarian_officer":2,"minecraft:creeper":4,"minecraft:sheep":1,"minecraft:pillager":11,"minecraft:zombie":3,"minecraft:cow":4},"minecraft:mined":{"minecraft:dark_oak_planks":1,"minecraft:oak_sapling":4,"gravestone:gravestone":1,"minecraft:dark_oak_fence":1,"minecraft:grass_block":1765,"minecraft:white_stained_glass":2,"minecraft:light_gray_bed":8,"minecraft:hay_block":15,"minecraft:furnace":1,"minecraft:bookshelf":15,"minecraft:cobblestone_slab":1,"minecraft:packed_ice":5,"minecraft:stone":517,"minecraft:cake":1,"minecraft:orange_bed":1,"minecraft:smoker":1,"minecraft:stone_brick_slab":1,"minecraft:powder_snow":45,"minecraft:crafting_table":2,"minecraft:torch":2,"minecraft:oak_wood":1,"minecraft:chest":1,"minecraft:campfire":1,"minecraft:tall_grass":1,"minecraft:copper_ore":1,"minecraft:lapis_ore":5,"minecraft:oak_planks":4,"minecraft:wall_torch":3,"minecraft:birch_log":58,"minecraft:wheat":7,"minecraft:spruce_log":7,"minecraft:tnt":1,"minecraft:grass":60,"minecraft:oak_log":239,"minecraft:coal_ore":24,"minecraft:gravel":13,"minecraft:sand":2,"minecraft:dirt":913,"minecraft:stone_bricks":2,"minecraft:oak_leaves":10}},"DataVersion":3465}