{"stats":{"minecraft:custom":{"minecraft:interact_with_smithing_table":1,"minecraft:mob_kills":80,"minecraft:interact_with_crafting_table":38,"minecraft:open_barrel":18,"minecraft:eat_cake_slice":5,"minecraft:leave_game":9,"minecraft:time_since_death":452873,"minecraft:climb_one_cm":3203,"minecraft:sprint_one_cm":1085939,"minecraft:walk_one_cm":1619751,"minecraft:drop":41,"minecraft:talked_to_villager":5,"minecraft:play_time":532894,"minecraft:sneak_time":3066,"minecraft:deaths":1,"minecraft:walk_under_water_one_cm":17875,"minecraft:interact_with_lectern":7,"minecraft:jump":6135,"minecraft:walk_on_water_one_cm":49661,"minecraft:total_world_time":532894,"minecraft:interact_with_furnace":7,"minecraft:sleep_in_bed":28,"minecraft:time_since_rest":15755,"minecraft:damage_taken":4245,"minecraft:damage_dealt":11870,"minecraft:swim_one_cm":34104,"minecraft:fly_one_cm":1561646,"minecraft:open_chest":79,"minecraft:crouch_one_cm":9416,"minecraft:fish_caught":39,"minecraft:fall_one_cm":141886,"minecraft:horse_one_cm":68113},"minecraft:broken":{"minecraft:golden_hoe":1,"minecraft:stone_hoe":17,"minecraft:stone_pickaxe":2,"minecraft:iron_pickaxe":1,"minecraft:stone_shovel":18},"minecraft:picked_up":{"minecraft:wooden_axe":1,"minecraft:charcoal":2,"minecraft:crafting_table":3,"minecraft:wheat":104,"valarian_conquest:valarian_battle_axe":1,"minecraft:brown_mushroom":1,"minecraft:oak_stairs":15,"gravestone:obituary":1,"minecraft:string":8,"minecraft:pufferfish":3,"mcwbridges:oak_log_bridge_middle":5,"minecraft:beef":17,"minecraft:cobblestone_slab":1,"mcwbridges:oak_log_bridge_stair":1,"minecraft:iron_pickaxe":2,"minecraft:chest":2,"minecraft:birch_sapling":25,"minecraft:furnace":1,"minecraft:egg":14,"minecraft:stick":110,"minecraft:oak_fence":2,"minecraft:torch":5,"luphieclutteredmod:small_shelf":1,"minecraft:pointed_dripstone":1,"minecraft:carrot":11,"minecraft:redstone":6,"minecraft:stone_pressure_plate":1,"minecraft:dark_oak_planks":1,"minecraft:tnt":1,"minecraft:arrow":34,"minecraft:light_gray_bed":8,"minecraft:rotten_flesh":5,"minecraft:hay_block":15,"minecraft:saddle":2,"valarian_conquest:valarian_spear":1,"minecraft:white_wool":7,"minecraft:cod":29,"minecraft:cobblestone":287,"minecraft:birch_log":58,"minecraft:salmon":7,"minecraft:leather":10,"minecraft:smoker":1,"minecraft:potato":52,"minecraft:flint":3,"minecraft:oak_log":239,"minecraft:lily_pad":3,"minecraft:gunpowder":2,"minecraft:lapis_lazuli":24,"skilltree:gem":8,"minecraft:dirt":1783,"minecraft:lantern":1,"minecraft:white_banner":2,"chococraft:chocobo_feather":1,"minecraft:bone":14,"chococraft:gysahl_green":7,"minecraft:apple":15,"minecraft:stone_bricks":2,"minecraft:bow":2,"minecraft:wheat_seeds":251,"minecraft:iron_ingot":1,"minecraft:iron_sword":2,"minecraft:oak_planks":56,"minecraft:book":45,"minecraft:stone_brick_slab":1,"minecraft:sand":2,"minecraft:spruce_sapling":11,"minecraft:ink_sac":5,"minecraft:spruce_log":7,"minecraft:spider_eye":1,"minecraft:oak_wood":1,"minecraft:emerald":9,"minecraft:bread":21,"minecraft:oak_sapling":133,"minecraft:black_wool":2,"minecraft:coal":24,"minecraft:fishing_rod":2},"minecraft:mined":{"minecraft:dark_oak_planks":1,"minecraft:oak_sapling":4,"minecraft:farmland":1,"gravestone:gravestone":1,"minecraft:dark_oak_fence":1,"minecraft:grass_block":1835,"minecraft:white_stained_glass":2,"minecraft:light_gray_bed":8,"minecraft:hay_block":15,"minecraft:furnace":1,"minecraft:bookshelf":15,"minecraft:cobblestone_slab":1,"minecraft:oak_stairs":15,"minecraft:packed_ice":5,"minecraft:stone":517,"minecraft:cake":1,"minecraft:orange_bed":1,"luphieclutteredmod:small_shelf":1,"minecraft:smoker":1,"minecraft:stone_brick_slab":1,"minecraft:powder_snow":45,"minecraft:crafting_table":2,"minecraft:torch":2,"diagonalfences:minecraft/oak_fence":2,"minecraft:oak_wood":1,"minecraft:chest":2,"minecraft:campfire":1,"minecraft:tall_grass":2,"minecraft:copper_ore":1,"minecraft:lapis_ore":5,"minecraft:lily_pad":1,"minecraft:oak_planks":56,"mcwbridges:oak_log_bridge_middle":1,"minecraft:wall_torch":3,"minecraft:birch_log":58,"minecraft:wheat":47,"minecraft:spruce_log":7,"minecraft:tnt":1,"minecraft:grass":81,"minecraft:oak_log":239,"minecraft:coal_ore":24,"minecraft:gravel":13,"minecraft:sand":2,"minecraft:dirt":935,"minecraft:stone_bricks":2,"realmrpg_skeletons:unsaved_skeleton":1,"minecraft:oak_leaves":10},"minecraft:crafted":{"minecraft:oak_planks":448,"minecraft:stone_shovel":26,"minecraft:fishing_rod":1,"comforts:sleeping_bag_white":2,"minecraft:stone_pickaxe":4,"minecraft:chest":3,"luphieclutteredmod:small_shelf":1,"minecraft:dark_oak_planks":32,"minecraft:stone_hoe":21,"minecraft:oak_fence":54,"minecraft:wheat":135,"minecraft:cooked_beef":8,"minecraft:crafting_table":3,"minecraft:spruce_planks":28,"minecraft:wooden_pickaxe":1,"comforts:sleeping_bag_black":2,"minecraft:stone_axe":1,"minecraft:bread":66,"minecraft:stick":68,"minecraft:iron_ingot":1,"minecraft:oak_stairs":48,"minecraft:wooden_axe":1,"minecraft:torch":16,"minecraft:shears":1,"minecraft:black_dye":5},"minecraft:dropped":{"minecraft:iron_ingot":2,"minecraft:bread":14,"minecraft:iron_sword":1,"mcwbridges:oak_log_bridge_stair":1,"minecraft:wheat_seeds":52,"minecraft:cobblestone":36,"mcwbridges:oak_log_bridge_middle":5,"minecraft:emerald":1,"minecraft:dirt":356,"minecraft:wooden_axe":2,"skilltree:gem":1,"gravestone:obituary":1,"minecraft:sand":1,"minecraft:fishing_rod":1,"chococraft:chocobo_feather":1,"minecraft:rotten_flesh":2,"minecraft:oak_planks":1,"minecraft:oak_sapling":12,"minecraft:stone_pressure_plate":1,"minecraft:arrow":5,"minecraft:wooden_pickaxe":1,"minecraft:written_book":1,"comforts:sleeping_bag_black":1,"chococraft:gysahl_green":6},"minecraft:killed":{"minecraft:spider":8,"valarian_conquest:valarian_knight":1,"valarian_conquest:valarian_guard":2,"creeperoverhaul:dripstone_creeper":1,"minecraft:skeleton":15,"valarian_conquest:valarian_archer":2,"minecraft:drowned":3,"valarian_conquest:valarian_spearman":4,"valarian_conquest:valarian_cannon":1,"valarian_conquest:valarian_officer":2,"minecraft:creeper":4,"minecraft:squid":2,"valarian_conquest:valarian_raider":1,"minecraft:sheep":1,"minecraft:pillager":12,"minecraft:zombie":9,"minecraft:cow":9},"minecraft:used":{"minecraft:oak_fence":56,"minecraft:stone_shovel":2396,"minecraft:chest":5,"minecraft:spruce_planks":8,"minecraft:iron_sword":77,"minecraft:stone_hoe":2295,"minecraft:torch":14,"minecraft:dirt":473,"minecraft:carrot":16,"minecraft:dark_oak_planks":33,"minecraft:wooden_axe":28,"minecraft:oak_stairs":59,"minecraft:bow":52,"minecraft:written_book":1,"minecraft:oak_sapling":132,"minecraft:goat_horn":3,"luphieclutteredmod:small_shelf":2,"minecraft:egg":6,"minecraft:cooked_beef":9,"minecraft:potato":132,"minecraft:light_gray_bed":8,"minecraft:wheat_seeds":275,"minecraft:water_bucket":243,"minecraft:stone_pickaxe":300,"minecraft:oak_planks":239,"minecraft:wooden_pickaxe":4,"minecraft:cobblestone_slab":1,"minecraft:sand":1,"minecraft:golden_hoe":16,"minecraft:crafting_table":6,"minecraft:apple":29,"minecraft:bread":86,"minecraft:iron_pickaxe":250,"minecraft:stone_axe":80,"minecraft:fishing_rod":55,"minecraft:diamond_sword":3,"minecraft:white_banner":2,"minecraft:bucket":242,"chococraft:gysahl_green":1}},"DataVersion":3465}