{"stats":{"minecraft:custom":{"minecraft:interact_with_smithing_table":1,"minecraft:mob_kills":84,"minecraft:interact_with_crafting_table":41,"minecraft:open_barrel":18,"minecraft:eat_cake_slice":5,"minecraft:leave_game":9,"minecraft:time_since_death":494873,"minecraft:climb_one_cm":3203,"minecraft:sprint_one_cm":1212802,"minecraft:walk_one_cm":1806334,"minecraft:drop":53,"minecraft:talked_to_villager":5,"minecraft:play_time":574894,"minecraft:sneak_time":3103,"minecraft:deaths":1,"minecraft:walk_under_water_one_cm":19429,"minecraft:interact_with_lectern":7,"minecraft:jump":6549,"minecraft:walk_on_water_one_cm":52340,"minecraft:total_world_time":574894,"minecraft:interact_with_furnace":7,"minecraft:sleep_in_bed":31,"minecraft:time_since_rest":7431,"minecraft:damage_taken":4255,"minecraft:damage_dealt":11970,"minecraft:swim_one_cm":34104,"minecraft:fly_one_cm":1613173,"minecraft:open_chest":85,"minecraft:crouch_one_cm":9492,"minecraft:fish_caught":54,"minecraft:fall_one_cm":147468,"minecraft:horse_one_cm":68113},"minecraft:broken":{"minecraft:golden_hoe":1,"minecraft:stone_hoe":17,"minecraft:stone_pickaxe":2,"minecraft:iron_pickaxe":1,"minecraft:fishing_rod":1,"minecraft:stone_shovel":18},"minecraft:picked_up":{"minecraft:wooden_axe":1,"minecraft:charcoal":2,"minecraft:crafting_table":3,"minecraft:wheat":292,"valarian_conquest:valarian_battle_axe":1,"minecraft:brown_mushroom":1,"minecraft:oak_stairs":15,"gravestone:obituary":1,"minecraft:string":8,"minecraft:pufferfish":6,"comforts:sleeping_bag_black":1,"mcwbridges:oak_log_bridge_middle":5,"minecraft:beef":20,"minecraft:cobblestone_slab":1,"mcwbridges:oak_log_bridge_stair":1,"minecraft:iron_pickaxe":2,"minecraft:chest":2,"minecraft:birch_sapling":25,"minecraft:furnace":1,"minecraft:egg":15,"minecraft:stick":199,"minecraft:oak_fence":2,"minecraft:torch":5,"luphieclutteredmod:small_shelf":1,"minecraft:pointed_dripstone":1,"minecraft:carrot":44,"minecraft:redstone":6,"minecraft:stone_pressure_plate":1,"minecraft:dark_oak_planks":1,"minecraft:tnt":1,"minecraft:arrow":39,"minecraft:light_gray_bed":8,"minecraft:rotten_flesh":6,"minecraft:hay_block":15,"minecraft:saddle":2,"valarian_conquest:valarian_spear":1,"minecraft:white_wool":7,"minecraft:cod":38,"minecraft:cobblestone":287,"minecraft:birch_log":58,"minecraft:lilac":1,"minecraft:salmon":10,"minecraft:leather":12,"minecraft:smoker":1,"minecraft:potato":257,"minecraft:flint":3,"minecraft:oak_log":464,"minecraft:lily_pad":3,"minecraft:gunpowder":4,"minecraft:lapis_lazuli":24,"skilltree:gem":8,"minecraft:dirt":1783,"minecraft:lantern":1,"minecraft:white_banner":2,"chococraft:chocobo_feather":1,"minecraft:bone":17,"chococraft:gysahl_green":7,"minecraft:apple":23,"minecraft:stone_bricks":2,"minecraft:bow":2,"minecraft:wheat_seeds":563,"minecraft:iron_ingot":1,"minecraft:iron_sword":2,"minecraft:oak_planks":323,"minecraft:book":45,"minecraft:stone_brick_slab":1,"minecraft:poisonous_potato":1,"minecraft:sand":2,"minecraft:spruce_sapling":11,"minecraft:ink_sac":5,"minecraft:spruce_log":7,"minecraft:spider_eye":1,"minecraft:oak_wood":1,"minecraft:emerald":9,"minecraft:bread":21,"minecraft:oak_sapling":284,"minecraft:black_wool":2,"minecraft:coal":24,"minecraft:fishing_rod":2},"minecraft:mined":{"minecraft:dark_oak_planks":1,"minecraft:oak_sapling":4,"minecraft:farmland":1,"gravestone:gravestone":1,"minecraft:dark_oak_fence":1,"minecraft:grass_block":1835,"minecraft:white_stained_glass":2,"minecraft:light_gray_bed":8,"minecraft:hay_block":15,"minecraft:carrots":5,"minecraft:furnace":1,"minecraft:bookshelf":15,"minecraft:cobblestone_slab":1,"minecraft:oak_stairs":15,"minecraft:packed_ice":5,"minecraft:stone":517,"minecraft:cake":1,"minecraft:orange_bed":1,"luphieclutteredmod:small_shelf":1,"minecraft:smoker":1,"minecraft:stone_brick_slab":1,"minecraft:powder_snow":45,"minecraft:crafting_table":2,"minecraft:torch":2,"diagonalfences:minecraft/oak_fence":2,"minecraft:oak_wood":1,"minecraft:chest":2,"minecraft:campfire":1,"minecraft:tall_grass":2,"minecraft:copper_ore":1,"minecraft:lapis_ore":5,"minecraft:lily_pad":1,"minecraft:oak_planks":66,"mcwbridges:oak_log_bridge_middle":1,"minecraft:wall_torch":3,"minecraft:birch_log":58,"minecraft:wheat":48,"minecraft:lilac":1,"minecraft:spruce_log":7,"minecraft:tnt":1,"minecraft:grass":84,"minecraft:oak_log":464,"minecraft:coal_ore":24,"minecraft:gravel":13,"minecraft:sand":2,"minecraft:dirt":935,"minecraft:stone_bricks":2,"realmrpg_skeletons:unsaved_skeleton":1,"minecraft:oak_leaves":10},"minecraft:crafted":{"minecraft:oak_planks":1348,"minecraft:stone_shovel":26,"minecraft:fishing_rod":1,"comforts:sleeping_bag_white":2,"minecraft:stone_pickaxe":4,"minecraft:chest":3,"luphieclutteredmod:small_shelf":1,"minecraft:dark_oak_planks":32,"minecraft:stone_hoe":21,"minecraft:oak_fence":54,"minecraft:wheat":135,"minecraft:cooked_beef":8,"minecraft:wooden_shovel":1,"minecraft:crafting_table":3,"minecraft:spruce_planks":28,"minecraft:wooden_pickaxe":1,"comforts:sleeping_bag_black":2,"minecraft:stone_axe":1,"minecraft:bread":66,"minecraft:oak_boat":2,"minecraft:stick":68,"minecraft:iron_ingot":1,"minecraft:oak_stairs":48,"minecraft:wooden_axe":1,"minecraft:torch":16,"minecraft:shears":1,"minecraft:black_dye":5},"minecraft:dropped":{"minecraft:iron_ingot":2,"minecraft:bread":14,"minecraft:iron_sword":1,"mcwbridges:oak_log_bridge_stair":1,"minecraft:wheat_seeds":52,"minecraft:poisonous_potato":1,"minecraft:cobblestone":36,"mcwbridges:oak_log_bridge_middle":5,"minecraft:emerald":1,"minecraft:dirt":356,"minecraft:wooden_axe":2,"skilltree:gem":1,"gravestone:obituary":1,"minecraft:sand":1,"minecraft:fishing_rod":1,"chococraft:chocobo_feather":1,"minecraft:rotten_flesh":2,"minecraft:oak_planks":641,"minecraft:oak_sapling":12,"minecraft:wooden_shovel":1,"minecraft:stone_pressure_plate":1,"minecraft:arrow":5,"minecraft:wooden_pickaxe":1,"minecraft:written_book":1,"comforts:sleeping_bag_black":1,"chococraft:gysahl_green":6},"minecraft:killed":{"minecraft:spider":8,"valarian_conquest:valarian_knight":1,"valarian_conquest:valarian_guard":2,"creeperoverhaul:dripstone_creeper":1,"minecraft:skeleton":17,"valarian_conquest:valarian_archer":2,"minecraft:drowned":3,"valarian_conquest:valarian_spearman":4,"valarian_conquest:valarian_cannon":1,"valarian_conquest:valarian_officer":2,"minecraft:creeper":5,"minecraft:squid":2,"valarian_conquest:valarian_raider":1,"minecraft:sheep":1,"minecraft:pillager":12,"minecraft:zombie":9,"minecraft:cow":10},"minecraft:used":{"minecraft:oak_fence":56,"minecraft:stone_shovel":2398,"minecraft:chest":5,"minecraft:spruce_planks":8,"minecraft:iron_sword":77,"minecraft:stone_hoe":2295,"minecraft:torch":14,"minecraft:dirt":473,"minecraft:carrot":49,"minecraft:dark_oak_planks":33,"minecraft:wooden_axe":28,"minecraft:oak_stairs":59,"minecraft:bow":62,"minecraft:written_book":1,"minecraft:oak_sapling":269,"minecraft:goat_horn":3,"luphieclutteredmod:small_shelf":2,"minecraft:egg":6,"minecraft:cooked_beef":11,"minecraft:potato":337,"minecraft:light_gray_bed":8,"minecraft:wheat_seeds":556,"minecraft:water_bucket":243,"comforts:sleeping_bag_black":1,"minecraft:stone_pickaxe":300,"minecraft:oak_planks":407,"minecraft:wooden_pickaxe":4,"minecraft:cobblestone_slab":1,"minecraft:sand":1,"minecraft:golden_hoe":16,"minecraft:crafting_table":6,"minecraft:apple":29,"minecraft:bread":86,"minecraft:iron_pickaxe":250,"minecraft:stone_axe":97,"minecraft:fishing_rod":71,"minecraft:diamond_sword":3,"minecraft:white_banner":2,"minecraft:bucket":242,"minecraft:oak_boat":1,"chococraft:gysahl_green":1}},"DataVersion":3465}