{"stats":{"minecraft:custom":{"minecraft:interact_with_smithing_table":1,"minecraft:mob_kills":138,"minecraft:interact_with_crafting_table":59,"minecraft:open_barrel":18,"minecraft:interact_with_campfire":4,"minecraft:eat_cake_slice":5,"minecraft:leave_game":9,"minecraft:time_since_death":46547,"minecraft:climb_one_cm":3618,"minecraft:sprint_one_cm":1349712,"minecraft:walk_one_cm":2150838,"minecraft:drop":56,"minecraft:talked_to_villager":6,"minecraft:play_time":682894,"minecraft:sneak_time":5274,"minecraft:deaths":2,"minecraft:walk_under_water_one_cm":56233,"minecraft:boat_one_cm":26055,"minecraft:interact_with_lectern":7,"minecraft:jump":7863,"minecraft:walk_on_water_one_cm":76128,"minecraft:total_world_time":682894,"minecraft:interact_with_furnace":12,"minecraft:sleep_in_bed":35,"minecraft:time_since_rest":5773,"minecraft:damage_taken":5252,"minecraft:damage_dealt":20764,"minecraft:player_kills":1,"minecraft:swim_one_cm":39383,"minecraft:fly_one_cm":1810864,"minecraft:open_chest":131,"minecraft:crouch_one_cm":15350,"minecraft:fish_caught":54,"minecraft:fall_one_cm":172847,"minecraft:horse_one_cm":68113},"minecraft:broken":{"minecraft:golden_hoe":1,"minecraft:stone_hoe":17,"minecraft:stone_pickaxe":4,"minecraft:iron_pickaxe":2,"minecraft:fishing_rod":1,"minecraft:stone_shovel":18},"minecraft:picked_up":{"minecraft:wooden_axe":1,"minecraft:charcoal":2,"minecraft:crafting_table":3,"minecraft:wheat":292,"minecraft:lead":1,"valarian_conquest:valarian_battle_axe":1,"minecraft:brown_mushroom":1,"minecraft:oak_stairs":15,"gravestone:obituary":1,"minecraft:raw_copper":3,"minecraft:string":13,"minecraft:pufferfish":6,"comforts:sleeping_bag_black":2,"minecraft:cobbled_deepslate":72,"mcwbridges:oak_log_bridge_middle":5,"minecraft:spruce_planks":29,"minecraft:beef":32,"minecraft:cobblestone_slab":1,"mcwbridges:oak_log_bridge_stair":1,"minecraft:iron_pickaxe":4,"minecraft:chest":2,"minecraft:birch_sapling":25,"minecraft:furnace":1,"minecraft:egg":15,"minecraft:raw_iron":2,"minecraft:stick":276,"minecraft:oak_fence":2,"minecraft:torch":11,"luphieclutteredmod:small_shelf":1,"minecraft:pointed_dripstone":1,"minecraft:diorite":10,"minecraft:carrot":44,"minecraft:redstone":9,"minecraft:stone_pressure_plate":1,"minecraft:dark_oak_planks":1,"minecraft:tnt":1,"minecraft:arrow":39,"minecraft:light_gray_bed":8,"minecraft:rotten_flesh":31,"minecraft:hay_block":15,"minecraft:saddle":2,"valarian_conquest:valarian_spear":1,"minecraft:obsidian":3,"minecraft:white_wool":7,"minecraft:cod":38,"minecraft:cobblestone":412,"minecraft:birch_log":58,"minecraft:lilac":1,"minecraft:salmon":10,"minecraft:leather":18,"minecraft:smoker":1,"minecraft:potato":257,"minecraft:flint":3,"minecraft:tuff":26,"minecraft:oak_log":469,"minecraft:lily_pad":3,"minecraft:gunpowder":4,"minecraft:lapis_lazuli":34,"skilltree:gem":10,"minecraft:dirt":1830,"minecraft:lantern":1,"minecraft:white_banner":2,"chococraft:chocobo_feather":1,"minecraft:bone":17,"chococraft:gysahl_green":7,"minecraft:apple":23,"minecraft:stone_bricks":2,"minecraft:bow":3,"minecraft:wheat_seeds":563,"minecraft:iron_ingot":1,"minecraft:iron_sword":2,"minecraft:oak_planks":323,"minecraft:book":45,"wardrobe:hardened_leather":4,"minecraft:stone_brick_slab":1,"minecraft:poisonous_potato":1,"minecraft:dripstone_block":2,"minecraft:sand":2,"minecraft:spruce_sapling":128,"minecraft:ink_sac":5,"minecraft:spruce_log":341,"minecraft:spider_eye":4,"minecraft:oak_wood":1,"minecraft:diamond":25,"minecraft:granite":49,"minecraft:emerald":12,"minecraft:bread":75,"minecraft:oak_sapling":284,"minecraft:black_wool":2,"minecraft:coal":26,"minecraft:fishing_rod":2},"minecraft:mined":{"minecraft:dark_oak_planks":1,"minecraft:tuff":24,"minecraft:spruce_planks":30,"minecraft:oak_sapling":4,"minecraft:farmland":1,"minecraft:deepslate_diamond_ore":23,"minecraft:obsidian":3,"gravestone:gravestone":2,"minecraft:granite":46,"minecraft:dark_oak_fence":1,"minecraft:grass_block":1839,"minecraft:white_stained_glass":2,"minecraft:light_gray_bed":8,"minecraft:spruce_leaves":3,"minecraft:hay_block":15,"minecraft:carrots":5,"minecraft:furnace":1,"minecraft:fire":19,"minecraft:bookshelf":15,"minecraft:cobblestone_slab":1,"minecraft:oak_stairs":15,"minecraft:packed_ice":5,"minecraft:stone":623,"minecraft:cake":1,"minecraft:orange_bed":1,"luphieclutteredmod:small_shelf":1,"minecraft:smoker":1,"minecraft:stone_brick_slab":1,"minecraft:powder_snow":45,"minecraft:crafting_table":2,"minecraft:torch":4,"diagonalfences:minecraft/oak_fence":2,"minecraft:oak_wood":1,"minecraft:chest":2,"minecraft:campfire":1,"minecraft:tall_grass":3,"minecraft:copper_ore":1,"minecraft:lapis_ore":5,"minecraft:lily_pad":1,"minecraft:oak_planks":66,"mcwbridges:oak_log_bridge_middle":1,"minecraft:diorite":10,"minecraft:wall_torch":6,"minecraft:birch_log":58,"minecraft:wheat":48,"minecraft:lilac":1,"minecraft:spruce_log":347,"minecraft:tnt":1,"minecraft:grass":84,"minecraft:oak_log":469,"minecraft:coal_ore":24,"minecraft:dripstone_block":1,"minecraft:gravel":13,"minecraft:sand":2,"minecraft:dirt":975,"minecraft:stone_bricks":2,"realmrpg_skeletons:unsaved_skeleton":1,"minecraft:oak_leaves":10,"minecraft:deepslate":65,"minecraft:fern":1},"minecraft:crafted":{"minecraft:oak_planks":1348,"minecraft:stone_shovel":26,"minecraft:fishing_rod":1,"comforts:sleeping_bag_white":2,"minecraft:stone_pickaxe":4,"minecraft:chest":5,"luphieclutteredmod:small_shelf":1,"minecraft:dark_oak_planks":32,"minecraft:stone_hoe":21,"minecraft:oak_fence":54,"wardrobe:bound_leather":4,"minecraft:wheat":135,"minecraft:cooked_beef":26,"minecraft:wooden_shovel":1,"minecraft:crafting_table":4,"minecraft:spruce_planks":1364,"minecraft:wooden_pickaxe":1,"minecraft:bucket":1,"minecraft:campfire":1,"comforts:sleeping_bag_black":2,"minecraft:stone_axe":1,"minecraft:bread":66,"minecraft:oak_boat":2,"minecraft:diamond_pickaxe":1,"minecraft:stick":68,"minecraft:iron_ingot":3,"minecraft:oak_stairs":48,"minecraft:wooden_axe":1,"minecraft:torch":16,"minecraft:shears":1,"minecraft:black_dye":5},"minecraft:dropped":{"minecraft:iron_ingot":2,"minecraft:bread":19,"minecraft:iron_sword":1,"mcwbridges:oak_log_bridge_stair":1,"minecraft:wheat_seeds":52,"minecraft:dripstone_block":1,"minecraft:poisonous_potato":1,"minecraft:cobblestone":36,"mcwbridges:oak_log_bridge_middle":5,"minecraft:emerald":1,"minecraft:dirt":356,"minecraft:wooden_axe":2,"skilltree:gem":1,"gravestone:obituary":1,"minecraft:sand":1,"minecraft:iron_pickaxe":1,"minecraft:fishing_rod":1,"chococraft:chocobo_feather":1,"minecraft:rotten_flesh":2,"minecraft:oak_planks":641,"minecraft:oak_sapling":12,"minecraft:wooden_shovel":1,"minecraft:stone_pressure_plate":1,"minecraft:arrow":5,"minecraft:wooden_pickaxe":1,"minecraft:written_book":1,"comforts:sleeping_bag_black":1,"chococraft:gysahl_green":6},"minecraft:killed":{"minecraft:cave_spider":3,"minecraft:spider":12,"valarian_conquest:valarian_knight":1,"valarian_conquest:valarian_guard":2,"creeperoverhaul:dripstone_creeper":1,"minecraft:skeleton":19,"valarian_conquest:valarian_archer":2,"minecraft:drowned":3,"valarian_conquest:valarian_spearman":4,"valarian_conquest:valarian_cannon":1,"valarian_conquest:valarian_officer":2,"minecraft:zombie_villager":1,"resource_ghouls:emerald_stonebore":1,"resource_ghouls:copper_stonebore":2,"minecraft:wandering_trader":1,"minecraft:creeper":7,"minecraft:squid":2,"valarian_conquest:valarian_raider":1,"minecraft:sheep":1,"minecraft:trader_llama":1,"minecraft:pillager":12,"minecraft:zombie":26,"resource_ghouls:redstone_stonebore":1,"resource_ghouls:prospector_4":5,"resource_ghouls:lapis_stonebore":2,"resource_ghouls:quartz_stonebore":1,"resource_ghouls:prospector":1,"resource_ghouls:diamond_stonebore":2,"minecraft:cow":16},"minecraft:used":{"minecraft:oak_fence":56,"minecraft:stone_shovel":2443,"minecraft:chest":7,"minecraft:spruce_planks":1023,"minecraft:iron_sword":77,"minecraft:stone_hoe":2295,"minecraft:torch":22,"minecraft:dirt":511,"minecraft:carrot":49,"minecraft:granite":15,"minecraft:dark_oak_planks":33,"minecraft:wooden_axe":28,"minecraft:lava_bucket":7,"minecraft:oak_stairs":59,"minecraft:bow":78,"minecraft:written_book":1,"minecraft:oak_sapling":269,"minecraft:goat_horn":3,"luphieclutteredmod:small_shelf":2,"minecraft:egg":6,"minecraft:cooked_beef":21,"minecraft:potato":337,"minecraft:light_gray_bed":8,"minecraft:wheat_seeds":556,"minecraft:water_bucket":283,"comforts:sleeping_bag_black":2,"minecraft:stone_pickaxe":524,"minecraft:oak_planks":407,"minecraft:wooden_pickaxe":4,"minecraft:cobblestone_slab":1,"minecraft:sand":1,"minecraft:golden_hoe":16,"minecraft:crafting_table":7,"minecraft:campfire":1,"minecraft:diamond_pickaxe":3,"minecraft:apple":29,"minecraft:bread":93,"minecraft:iron_pickaxe":302,"minecraft:spruce_sapling":1,"minecraft:stone_axe":130,"minecraft:fishing_rod":71,"minecraft:diamond_sword":3,"minecraft:cobblestone":3,"minecraft:white_banner":2,"minecraft:bucket":291,"minecraft:oak_boat":2,"chococraft:gysahl_green":1}},"DataVersion":3465}