{"stats":{"minecraft:picked_up":{"minecraft:wooden_axe":1,"minecraft:fishing_rod":2,"minecraft:charcoal":2,"minecraft:crafting_table":4,"minecraft:wheat":557,"valarian_conquest:valarian_battle_axe":1,"minecraft:brown_mushroom":1,"minecraft:lead":1,"minecraft:oak_stairs":15,"minecraft:gold_block":9,"resource_ghouls:broken_miners_helmet_2_helmet":1,"gravestone:obituary":5,"minecraft:string":52,"minecraft:raw_copper":3,"minecraft:pufferfish":6,"comforts:sleeping_bag_black":3,"minecraft:cobbled_deepslate":87,"mcwbridges:oak_log_bridge_middle":5,"minecraft:spruce_planks":31,"minecraft:beef":32,"minecraft:cobblestone_slab":1,"mcwbridges:oak_log_bridge_stair":1,"minecraft:iron_pickaxe":4,"minecraft:chest":2,"minecraft:birch_sapling":25,"the_pillager_legion_:legion_showel_tpl":1,"minecraft:furnace":3,"minecraft:egg":15,"wardrobe:large_backpack":2,"minecraft:stick":292,"minecraft:raw_iron":43,"minecraft:stone":1,"minecraft:oak_fence":2,"minecraft:torch":35,"luphieclutteredmod:small_shelf":1,"minecraft:pointed_dripstone":1,"minecraft:diorite":12,"minecraft:carrot":472,"minecraft:redstone":9,"minecraft:stone_pressure_plate":1,"minecraft:dark_oak_planks":1,"minecraft:tnt":1,"minecraft:arrow":45,"minecraft:light_gray_bed":8,"minecraft:rotten_flesh":44,"minecraft:hay_block":15,"valarian_conquest:valarian_spear":1,"minecraft:saddle":2,"minecraft:obsidian":4,"minecraft:cod":38,"minecraft:white_wool":7,"minecraft:cobblestone":480,"minecraft:birch_log":58,"the_pillager_legion_:legion_cut_deep_2":1,"minecraft:lilac":1,"minecraft:water_bucket":2,"minecraft:andesite":3,"minecraft:salmon":10,"minecraft:leather":18,"minecraft:smoker":1,"minecraft:potato":2048,"minecraft:flint":3,"minecraft:tuff":36,"minecraft:oak_log":469,"minecraft:lily_pad":3,"minecraft:gunpowder":5,"minecraft:lapis_lazuli":34,"skilltree:gem":15,"minecraft:dirt":1835,"minecraft:lantern":1,"minecraft:white_banner":2,"chococraft:chocobo_feather":1,"minecraft:bone":21,"chococraft:gysahl_green":7,"minecraft:apple":23,"minecraft:stone_bricks":2,"minecraft:bow":3,"minecraft:wheat_seeds":1003,"minecraft:raw_gold":1,"minecraft:iron_ingot":1,"the_pillager_legion_:legion_deep":8,"minecraft:iron_sword":2,"minecraft:oak_planks":323,"minecraft:book":45,"wardrobe:hardened_leather":14,"minecraft:stone_brick_slab":1,"minecraft:raw_iron_block":1,"minecraft:quartz":3,"minecraft:dandelion":1,"minecraft:poisonous_potato":12,"minecraft:dripstone_block":2,"minecraft:sand":2,"minecraft:spruce_sapling":128,"the_pillager_legion_:legion_axe_tpl":1,"minecraft:ink_sac":5,"the_pillager_legion_:classic_legion_shield":1,"minecraft:spruce_log":341,"minecraft:spider_eye":5,"minecraft:stone_axe":1,"minecraft:oak_wood":1,"minecraft:diamond":25,"minecraft:painting":5,"minecraft:granite":49,"minecraft:ender_pearl":1,"minecraft:bread":81,"minecraft:emerald":12,"minecraft:oak_sapling":284,"minecraft:black_wool":2,"minecraft:coal":27},"minecraft:mined":{"minecraft:tuff":34,"minecraft:spruce_planks":32,"minecraft:farmland":1,"minecraft:oak_sapling":4,"minecraft:deepslate_diamond_ore":23,"minecraft:obsidian":4,"minecraft:granite":46,"gravestone:gravestone":5,"minecraft:dark_oak_fence":1,"minecraft:grass_block":1839,"minecraft:white_stained_glass":2,"minecraft:light_gray_bed":8,"minecraft:deepslate_bricks":2,"minecraft:spruce_leaves":3,"minecraft:hay_block":15,"minecraft:raw_iron_block":1,"minecraft:carrots":7,"minecraft:furnace":2,"minecraft:iron_ore":18,"minecraft:fire":19,"minecraft:andesite":3,"minecraft:gold_block":9,"minecraft:bookshelf":15,"minecraft:deepslate_iron_ore":22,"minecraft:cobblestone_slab":1,"minecraft:oak_stairs":15,"wardrobe:large_backpack_block":1,"minecraft:packed_ice":5,"minecraft:stone":706,"minecraft:cake":1,"minecraft:orange_bed":1,"luphieclutteredmod:small_shelf":1,"minecraft:smoker":1,"minecraft:stone_brick_slab":1,"minecraft:powder_snow":45,"the_pillager_legion_:legion_deep":7,"minecraft:crafting_table":3,"minecraft:torch":8,"diagonalfences:minecraft/oak_fence":2,"minecraft:oak_wood":1,"minecraft:chest":2,"minecraft:campfire":1,"minecraft:cobblestone":4,"minecraft:copper_ore":1,"minecraft:tall_grass":3,"minecraft:lapis_ore":5,"minecraft:lily_pad":1,"minecraft:oak_planks":66,"mcwbridges:oak_log_bridge_middle":1,"minecraft:wall_torch":9,"minecraft:diorite":16,"minecraft:birch_log":58,"minecraft:wheat":48,"minecraft:lilac":1,"minecraft:spruce_log":347,"minecraft:tnt":1,"the_pillager_legion_:legion_cut_deep_2":2,"minecraft:grass":85,"minecraft:coal_ore":24,"minecraft:oak_log":469,"minecraft:gravel":13,"minecraft:dirt":980,"minecraft:sand":2,"minecraft:dripstone_block":1,"minecraft:stone_bricks":2,"realmrpg_skeletons:unsaved_skeleton":1,"minecraft:oak_leaves":11,"minecraft:deepslate":83,"minecraft:fern":1,"minecraft:dark_oak_planks":1},"minecraft:killed":{"minecraft:cave_spider":3,"minecraft:witch":1,"minecraft:spider":16,"valarian_conquest:valarian_knight":1,"valarian_conquest:valarian_guard":2,"creeperoverhaul:dripstone_creeper":1,"minecraft:skeleton":24,"resource_ghouls:prospector_2":1,"valarian_conquest:valarian_archer":2,"minecraft:drowned":3,"valarian_conquest:valarian_spearman":4,"valarian_conquest:valarian_cannon":1,"valarian_conquest:valarian_officer":2,"minecraft:zombie_villager":1,"resource_ghouls:emerald_stonebore":1,"minecraft:bat":1,"resource_ghouls:copper_stonebore":2,"minecraft:wandering_trader":1,"minecraft:creeper":8,"minecraft:squid":2,"valarian_conquest:valarian_raider":1,"the_pillager_legion_:veteran_infantryman_tpl":15,"minecraft:sheep":1,"minecraft:trader_llama":1,"minecraft:pillager":12,"endermanoverhaul:cave_enderman":1,"minecraft:zombie":32,"resource_ghouls:prospector_4":12,"resource_ghouls:redstone_stonebore":1,"resource_ghouls:lapis_stonebore":2,"resource_ghouls:quartz_stonebore":1,"resource_ghouls:prospector":1,"minecraft:cow":16,"resource_ghouls:diamond_stonebore":2},"minecraft:used":{"minecraft:enchanting_table":1,"minecraft:stone_shovel":2443,"minecraft:chest":11,"minecraft:spruce_planks":1025,"minecraft:iron_sword":78,"minecraft:stone_hoe":2295,"minecraft:torch":35,"minecraft:dirt":546,"minecraft:carrot":356,"minecraft:granite":15,"the_pillager_legion_:legion_showel_tpl":1,"minecraft:dark_oak_planks":33,"minecraft:wooden_axe":28,"minecraft:lava_bucket":9,"minecraft:oak_stairs":59,"minecraft:furnace":1,"minecraft:bow":92,"minecraft:written_book":1,"minecraft:oak_sapling":269,"minecraft:goat_horn":3,"luphieclutteredmod:small_shelf":2,"minecraft:cobbled_deepslate":2,"minecraft:egg":6,"minecraft:potato":1381,"minecraft:cooked_beef":26,"minecraft:light_gray_bed":8,"minecraft:wheat_seeds":556,"minecraft:water_bucket":324,"comforts:sleeping_bag_black":3,"minecraft:stone_pickaxe":690,"minecraft:oak_planks":407,"minecraft:wooden_pickaxe":4,"minecraft:cobblestone_slab":1,"minecraft:sand":1,"minecraft:golden_hoe":16,"minecraft:crafting_table":8,"minecraft:campfire":1,"minecraft:painting":5,"minecraft:diamond_pickaxe":4,"minecraft:apple":29,"minecraft:bread":113,"minecraft:iron_pickaxe":322,"minecraft:spruce_sapling":1,"minecraft:stone_axe":130,"minecraft:diamond_sword":3,"minecraft:fishing_rod":71,"minecraft:cobblestone":20,"wardrobe:large_backpack":1,"minecraft:white_banner":2,"minecraft:bucket":335,"minecraft:oak_fence":56,"chococraft:gysahl_green":1,"minecraft:oak_boat":2},"minecraft:broken":{"minecraft:golden_hoe":1,"minecraft:stone_hoe":17,"minecraft:stone_pickaxe":5,"minecraft:iron_pickaxe":2,"minecraft:fishing_rod":1,"minecraft:stone_shovel":18},"minecraft:crafted":{"minecraft:black_dye":5,"minecraft:oak_planks":1348,"minecraft:stone_shovel":26,"minecraft:fishing_rod":1,"comforts:sleeping_bag_white":2,"wardrobe:large_backpack":1,"minecraft:stone_pickaxe":7,"minecraft:chest":9,"luphieclutteredmod:small_shelf":1,"minecraft:dark_oak_planks":32,"minecraft:stone_hoe":21,"minecraft:oak_fence":54,"minecraft:wheat":135,"wardrobe:bound_leather":14,"minecraft:cooked_beef":26,"minecraft:wooden_shovel":1,"minecraft:crafting_table":5,"minecraft:enchanting_table":1,"minecraft:spruce_planks":1364,"minecraft:baked_potato":27,"minecraft:wooden_pickaxe":1,"minecraft:bucket":3,"minecraft:campfire":1,"comforts:sleeping_bag_black":2,"minecraft:stone_axe":1,"minecraft:bread":154,"minecraft:oak_boat":2,"minecraft:diamond_pickaxe":1,"minecraft:stick":68,"minecraft:iron_pickaxe":1,"minecraft:iron_ingot":136,"minecraft:oak_stairs":48,"minecraft:wooden_axe":1,"minecraft:torch":16,"minecraft:shears":1},"minecraft:dropped":{"wardrobe:large_backpack":1,"minecraft:iron_ingot":2,"minecraft:bread":19,"minecraft:iron_sword":1,"mcwbridges:oak_log_bridge_stair":1,"minecraft:wheat_seeds":55,"minecraft:dripstone_block":1,"minecraft:poisonous_potato":1,"minecraft:cobblestone":36,"mcwbridges:oak_log_bridge_middle":5,"minecraft:emerald":1,"minecraft:dirt":356,"minecraft:wooden_axe":2,"the_pillager_legion_:legion_showel_tpl":1,"skilltree:gem":1,"gravestone:obituary":2,"minecraft:sand":1,"minecraft:iron_pickaxe":1,"minecraft:string":2,"minecraft:fishing_rod":1,"minecraft:bone":1,"minecraft:dandelion":1,"minecraft:furnace":1,"minecraft:stone_axe":1,"minecraft:cobbled_deepslate":5,"chococraft:chocobo_feather":1,"minecraft:stone_shovel":1,"minecraft:rotten_flesh":5,"minecraft:oak_planks":641,"the_pillager_legion_:legion_deep":8,"minecraft:oak_sapling":12,"minecraft:wooden_shovel":1,"minecraft:stone_pressure_plate":1,"minecraft:arrow":5,"minecraft:stone_pickaxe":1,"minecraft:wooden_pickaxe":1,"minecraft:quartz":1,"minecraft:written_book":1,"comforts:sleeping_bag_black":1,"chococraft:gysahl_green":6},"minecraft:custom":{"minecraft:mob_kills":181,"minecraft:interact_with_crafting_table":75,"minecraft:open_barrel":18,"minecraft:interact_with_campfire":14,"minecraft:eat_cake_slice":5,"minecraft:leave_game":11,"minecraft:time_since_death":42148,"minecraft:climb_one_cm":3618,"minecraft:sprint_one_cm":1587799,"minecraft:walk_one_cm":2649845,"minecraft:drop":76,"minecraft:talked_to_villager":6,"minecraft:play_time":804182,"minecraft:sneak_time":11654,"minecraft:deaths":7,"minecraft:walk_under_water_one_cm":95598,"minecraft:interact_with_lectern":7,"minecraft:boat_one_cm":26055,"minecraft:jump":9134,"minecraft:walk_on_water_one_cm":98808,"minecraft:enchant_item":1,"minecraft:total_world_time":804182,"minecraft:interact_with_furnace":36,"minecraft:interact_with_stonecutter":2,"minecraft:sleep_in_bed":39,"minecraft:time_since_rest":6237,"minecraft:damage_taken":7405,"minecraft:damage_dealt":27661,"minecraft:player_kills":1,"minecraft:swim_one_cm":48534,"minecraft:fly_one_cm":2012792,"minecraft:open_chest":192,"minecraft:crouch_one_cm":30327,"minecraft:fish_caught":54,"minecraft:fall_one_cm":215935,"minecraft:interact_with_smithing_table":1,"minecraft:horse_one_cm":68113}},"DataVersion":3465}